applicationId,applicationName,applicationPublicId,"discoveredCountLicenseCritical","discoveredCountLicenseLow","discoveredCountLicenseModerate","discoveredCountLicenseSevere","discoveredCountOtherCritical",discoveredCountOtherLow,"discoveredCountOtherModerate","discoveredCountOtherSevere","discoveredCountQualityCritical","discoveredCountQualityLow","discoveredCountQualityModerate","discoveredCountQualitySevere","discoveredCountSecurityCritical","discoveredCountSecurityLow","discoveredCountSecurityModerate","discoveredCountSecuritySevere",evaluationCount,"fixedCountLicenseCritical",fixedCountLicenseLow,"fixedCountLicenseModerate",fixedCountLicenseSevere,fixedCountOtherCritical,fixedCountOtherLow,fixedCountOtherModerate,fixedCountOtherSevere,"fixedCountQualityCritical",fixedCountQualityLow,"fixedCountQualityModerate",fixedCountQualitySevere,"fixedCountSecurityCritical",fixedCountSecurityLow,"fixedCountSecurityModerate",fixedCountSecuritySevere,mttrCriticalThreat,mttrLowThreat,mttrModerateThreat,mttrSevereThreat,"openCountAtTimePeriodEndLicenseCritical","openCountAtTimePeriodEndLicenseLow","openCountAtTimePeriodEndLicenseModerate","openCountAtTimePeriodEndLicenseSevere","openCountAtTimePeriodEndOtherCritical","openCountAtTimePeriodEndOtherLow","openCountAtTimePeriodEndOtherModerate","openCountAtTimePeriodEndOtherSevere","openCountAtTimePeriodEndQualityCritical","openCountAtTimePeriodEndQualityLow","openCountAtTimePeriodEndQualityModerate","openCountAtTimePeriodEndQualitySevere","openCountAtTimePeriodEndSecurityCritical","openCountAtTimePeriodEndSecurityLow","openCountAtTimePeriodEndSecurityModerate","openCountAtTimePeriodEndSecuritySevere",organizationId,organizationName,timePeriodStart,"waivedCountLicenseCritical",waivedCountLicenseLow,"waivedCountLicenseModerate",waivedCountLicenseSevere,waivedCountOtherCritical,waivedCountOtherLow,waivedCountOtherModerate,waivedCountOtherSevere,"waivedCountQualityCritical",waivedCountQualityLow,"waivedCountQualityModerate",waivedCountQualitySevere,"waivedCountSecurityCritical",waivedCountSecurityLow,"waivedCountSecurityModerate","waivedCountSecuritySevere"
"b5c2648d9d99441fb14ad9ec134b2e03",mm-service,mm-service,0,0,0,0,0,0,5,0,0,6,0,0,7,0,0,0,3,0,0,0,0,0,0,3,0,0,0,0,0,0,0,0,0,,,529650,,0,0,0,0,0,0,2,0,0,6,0,0,7,0,0,0,"315fe946595344768fee16809a819b4e",Autoapps,2022-02-01,0,0,0,0,0,0,0,0,0,0,0,0,0,0,0,0
"933854a369f94ca39b518e81648a4c16",openssl102h,openssl102h,0,0,0,0,0,0,0,0,0,0,0,0,15,0,3,21,3,0,0,0,0,0,0,0,0,0,0,0,0,0,0,0,0,,,,,0,0,0,0,0,0,0,0,0,0,0,0,15,0,3,21,"315fe946595344768fee16809a819b4e",Autoapps,2021-09-01,0,0,0,0,0,0,0,0,0,0,0,0,0,0,0,0
"933854a369f94ca39b518e81648a4c16",openssl102h,openssl102h,0,0,0,0,0,0,0,0,0,0,0,0,0,0,0,0,0,0,0,0,0,0,0,0,0,0,0,0,0,0,0,0,0,,,,,0,0,0,0,0,0,0,0,0,0,0,0,15,0,3,21,"315fe946595344768fee16809a819b4e",Autoapps,2021-10-01,0,0,0,0,0,0,0,0,0,0,0,0,0,0,0,0
"933854a369f94ca39b518e81648a4c16",openssl102h,openssl102h,0,0,0,0,0,0,0,0,0,0,0,0,0,0,0,0,0,0,0,0,0,0,0,0,0,0,0,0,0,0,0,0,0,,,,,0,0,0,0,0,0,0,0,0,0,0,0,15,0,3,21,"315fe946595344768fee16809a819b4e",Autoapps,2021-11-01,0,0,0,0,0,0,0,0,0,0,0,0,0,0,0,0
"933854a369f94ca39b518e81648a4c16",openssl102h,openssl102h,0,0,0,0,0,0,0,0,0,0,0,0,0,0,0,0,0,0,0,0,0,0,0,0,0,0,0,0,0,0,0,0,0,,,,,0,0,0,0,0,0,0,0,0,0,0,0,15,0,3,21,"315fe946595344768fee16809a819b4e",Autoapps,2021-12-01,0,0,0,0,0,0,0,0,0,0,0,0,0,0,0,0
"933854a369f94ca39b518e81648a4c16",openssl102h,openssl102h,0,0,0,0,0,0,0,0,0,0,0,0,17,0,3,18,1,0,0,0,0,0,0,0,0,0,0,0,0,15,0,3,21,10375488996,,10375488996,10375488996,0,0,0,0,0,0,0,0,0,0,0,0,17,0,3,18,"315fe946595344768fee16809a819b4e",Autoapps,2022-01-01,0,0,0,0,0,0,0,0,0,0,0,0,0,0,0,0
"933854a369f94ca39b518e81648a4c16",openssl102h,openssl102h,0,0,0,0,0,0,0,0,0,0,0,0,0,0,0,0,0,0,0,0,0,0,0,0,0,0,0,0,0,0,0,0,0,,,,,0,0,0,0,0,0,0,0,0,0,0,0,17,0,3,18,"315fe946595344768fee16809a819b4e",Autoapps,2022-02-01,0,0,0,0,0,0,0,0,0,0,0,0,0,0,0,0
"fa0235fc20f7468f8199b03b3f88da4e",conanapp2,conanapp2,0,0,0,0,0,0,0,0,0,0,0,0,0,0,0,0,1,0,0,0,0,0,0,0,0,0,0,0,0,0,0,0,0,,,,,0,0,0,0,0,0,0,0,0,0,0,0,0,0,0,0,"315fe946595344768fee16809a819b4e",Autoapps,2021-09-01,0,0,0,0,0,0,0,0,0,0,0,0,0,0,0,0
"fa0235fc20f7468f8199b03b3f88da4e",conanapp2,conanapp2,3,0,0,0,0,0,0,0,0,0,0,0,0,0,0,0,1,0,0,0,0,0,0,0,0,0,0,0,0,0,0,0,0,,,,,3,0,0,0,0,0,0,0,0,0,0,0,0,0,0,0,"315fe946595344768fee16809a819b4e",Autoapps,2021-10-01,0,0,0,0,0,0,0,0,0,0,0,0,0,0,0,0
"fa0235fc20f7468f8199b03b3f88da4e",conanapp2,conanapp2,0,0,0,0,0,0,0,0,0,0,0,0,0,0,0,0,0,0,0,0,0,0,0,0,0,0,0,0,0,0,0,0,0,,,,,3,0,0,0,0,0,0,0,0,0,0,0,0,0,0,0,"315fe946595344768fee16809a819b4e",Autoapps,2021-11-01,0,0,0,0,0,0,0,0,0,0,0,0,0,0,0,0
"fa0235fc20f7468f8199b03b3f88da4e",conanapp2,conanapp2,0,0,0,0,0,0,0,0,0,0,0,0,0,0,0,0,0,0,0,0,0,0,0,0,0,0,0,0,0,0,0,0,0,,,,,3,0,0,0,0,0,0,0,0,0,0,0,0,0,0,0,"315fe946595344768fee16809a819b4e",Autoapps,2021-12-01,0,0,0,0,0,0,0,0,0,0,0,0,0,0,0,0
"fa0235fc20f7468f8199b03b3f88da4e",conanapp2,conanapp2,0,0,0,0,0,0,0,0,0,0,0,0,17,0,3,18,1,3,0,0,0,0,0,0,0,0,0,0,0,0,0,0,0,8672316968,,,,0,0,0,0,0,0,0,0,0,0,0,0,17,0,3,18,"315fe946595344768fee16809a819b4e",Autoapps,2022-01-01,0,0,0,0,0,0,0,0,0,0,0,0,0,0,0,0
"fa0235fc20f7468f8199b03b3f88da4e",conanapp2,conanapp2,0,0,0,0,0,0,0,0,0,0,0,0,0,0,0,0,0,0,0,0,0,0,0,0,0,0,0,0,0,0,0,0,0,,,,,0,0,0,0,0,0,0,0,0,0,0,0,17,0,3,18,"315fe946595344768fee16809a819b4e",Autoapps,2022-02-01,0,0,0,0,0,0,0,0,0,0,0,0,0,0,0,0
"bd5c371386fd4246b5e8262d7f860432",pyapp2,pyapp2,0,0,0,0,0,0,0,0,0,0,0,0,0,0,0,0,0,0,0,0,0,0,0,0,0,0,0,0,0,0,0,0,0,,,,,0,0,0,0,0,0,0,0,0,0,0,0,0,0,0,0,"4788ef3cfda54aec8f261bbdbbeefd76",Ide,2022-02-01,0,0,0,0,0,0,0,0,0,0,0,0,0,0,0,0
"5b62e69eeceb4e1aad586201f27ff7b5",wg10,wg10,0,0,0,0,0,1,1,0,0,80,0,0,26,0,4,47,12,0,0,0,0,0,0,0,0,0,0,0,0,0,0,0,3,,,,1641596049,0,0,0,0,0,1,1,0,0,80,0,0,26,0,4,44,"315fe946595344768fee16809a819b4e",Autoapps,2021-09-01,0,0,0,0,0,0,0,0,0,0,0,0,0,0,0,0
"5b62e69eeceb4e1aad586201f27ff7b5",wg10,wg10,0,0,0,0,0,0,0,0,0,0,0,0,3,0,0,1,17,0,0,0,0,0,0,0,0,0,0,0,0,0,0,0,0,2119709240,2126461431,,,0,0,0,0,0,1,1,0,0,79,0,0,25,0,4,45,"315fe946595344768fee16809a819b4e",Autoapps,2021-10-01,0,0,0,0,0,0,0,0,0,1,0,0,4,0,0,0
"5b62e69eeceb4e1aad586201f27ff7b5",wg10,wg10,21,0,0,0,0,0,0,0,0,0,0,0,1,0,0,1,15,0,0,0,0,0,0,0,0,0,1,0,0,2,0,0,1,3457802413,6742801040,,431997654,21,0,0,0,0,1,1,0,0,78,0,0,24,0,4,45,"315fe946595344768fee16809a819b4e",Autoapps,2021-11-01,0,0,0,0,0,0,0,0,0,0,0,0,0,0,0,0
"5b62e69eeceb4e1aad586201f27ff7b5",wg10,wg10,0,0,0,0,0,1,0,0,0,65,0,0,22,0,4,45,10,21,0,0,0,0,0,0,0,0,14,0,0,2,0,2,27,3312002360,8298002088,8298002088,7251202117,0,0,0,0,0,2,1,0,0,129,0,0,44,0,6,63,"315fe946595344768fee16809a819b4e",Autoapps,2021-12-01,0,0,0,0,0,0,0,0,0,0,0,0,0,0,0,0
"5b62e69eeceb4e1aad586201f27ff7b5",wg10,wg10,0,0,0,0,0,0,1,0,0,16,0,0,13,0,0,4,5,0,0,0,0,0,1,1,0,0,64,0,0,25,0,2,21,10344369709,11749664332,11749664332,11255106935,0,0,0,0,0,1,1,0,0,81,0,0,32,0,4,46,"315fe946595344768fee16809a819b4e",Autoapps,2022-01-01,0,0,0,0,0,0,0,0,0,0,0,0,0,0,0,0
"5b62e69eeceb4e1aad586201f27ff7b5",wg10,wg10,0,0,0,0,0,0,0,0,0,0,0,0,3,0,0,1,14,0,0,0,0,0,0,0,0,0,0,0,0,0,0,0,1,,,,4924796262,0,0,0,0,0,1,1,0,0,81,0,0,35,0,4,46,"315fe946595344768fee16809a819b4e",Autoapps,2022-02-01,0,0,0,0,0,0,0,0,0,0,0,0,0,0,0,0
"17f9b728f8f64a52a9fa69d755c3fb51",conanapp3,conanapp3,0,0,0,0,0,0,0,0,0,0,0,0,14,0,2,21,1,0,0,0,0,0,0,0,0,0,0,0,0,0,0,0,0,,,,,0,0,0,0,0,0,0,0,0,0,0,0,14,0,2,21,"315fe946595344768fee16809a819b4e",Autoapps,2021-09-01,0,0,0,0,0,0,0,0,0,0,0,0,0,0,0,0
"17f9b728f8f64a52a9fa69d755c3fb51",conanapp3,conanapp3,0,0,0,0,0,0,0,0,0,0,0,0,1,0,0,0,3,0,0,0,0,0,0,0,0,0,0,0,0,0,0,0,0,477069677,,,,0,0,0,0,0,0,0,0,0,0,0,0,13,0,2,21,"315fe946595344768fee16809a819b4e",Autoapps,2021-10-01,0,0,0,0,0,0,0,0,0,0,0,0,2,0,0,0
"17f9b728f8f64a52a9fa69d755c3fb51",conanapp3,conanapp3,0,0,0,0,0,0,0,0,0,0,0,0,0,0,0,0,0,0,0,0,0,0,0,0,0,0,0,0,0,0,0,0,0,,,,,0,0,0,0,0,0,0,0,0,0,0,0,13,0,2,21,"315fe946595344768fee16809a819b4e",Autoapps,2021-11-01,0,0,0,0,0,0,0,0,0,0,0,0,0,0,0,0
"17f9b728f8f64a52a9fa69d755c3fb51",conanapp3,conanapp3,0,0,0,0,0,0,0,0,0,0,0,0,0,0,0,0,0,0,0,0,0,0,0,0,0,0,0,0,0,0,0,0,0,,,,,0,0,0,0,0,0,0,0,0,0,0,0,13,0,2,21,"315fe946595344768fee16809a819b4e",Autoapps,2021-12-01,0,0,0,0,0,0,0,0,0,0,0,0,0,0,0,0
"17f9b728f8f64a52a9fa69d755c3fb51",conanapp3,conanapp3,0,0,0,0,0,0,0,0,0,0,0,0,17,0,3,18,1,0,0,0,0,0,0,0,0,0,0,0,0,13,0,2,21,10568041663,,10568041663,10568041663,0,0,0,0,0,0,0,0,0,0,0,0,17,0,3,18,"315fe946595344768fee16809a819b4e",Autoapps,2022-01-01,0,0,0,0,0,0,0,0,0,0,0,0,0,0,0,0
"17f9b728f8f64a52a9fa69d755c3fb51",conanapp3,conanapp3,0,0,0,0,0,0,0,0,0,0,0,0,0,0,0,0,0,0,0,0,0,0,0,0,0,0,0,0,0,0,0,0,0,,,,,0,0,0,0,0,0,0,0,0,0,0,0,17,0,3,18,"315fe946595344768fee16809a819b4e",Autoapps,2022-02-01,0,0,0,0,0,0,0,0,0,0,0,0,0,0,0,0
"003b21418b364fe89bd2f9c315ef90fd",qtscan,qtscan,0,0,0,0,0,0,0,0,0,0,0,0,27,0,3,27,2,0,0,0,0,0,0,0,0,0,0,0,0,0,0,0,0,,,,,0,0,0,0,0,0,0,0,0,0,0,0,27,0,3,27,"315fe946595344768fee16809a819b4e",Autoapps,2021-09-01,0,0,0,0,0,0,0,0,0,0,0,0,0,0,0,0
"003b21418b364fe89bd2f9c315ef90fd",qtscan,qtscan,0,0,0,0,0,0,0,0,0,0,0,0,0,0,0,0,2,0,0,0,0,0,0,0,0,0,0,0,0,0,0,0,0,852686458,,,,0,0,0,0,0,0,0,0,0,0,0,0,24,0,3,27,"315fe946595344768fee16809a819b4e",Autoapps,2021-10-01,0,0,0,0,0,0,0,0,0,0,0,0,3,0,0,0
"003b21418b364fe89bd2f9c315ef90fd",qtscan,qtscan,0,0,0,0,0,0,0,0,0,0,0,0,0,0,0,0,0,0,0,0,0,0,0,0,0,0,0,0,0,0,0,0,0,,,,,0,0,0,0,0,0,0,0,0,0,0,0,24,0,3,27,"315fe946595344768fee16809a819b4e",Autoapps,2021-11-01,0,0,0,0,0,0,0,0,0,0,0,0,0,0,0,0
"003b21418b364fe89bd2f9c315ef90fd",qtscan,qtscan,0,0,0,0,0,0,0,0,0,0,0,0,0,0,0,0,0,0,0,0,0,0,0,0,0,0,0,0,0,0,0,0,0,,,,,0,0,0,0,0,0,0,0,0,0,0,0,24,0,3,27,"315fe946595344768fee16809a819b4e",Autoapps,2021-12-01,0,0,0,0,0,0,0,0,0,0,0,0,0,0,0,0
"003b21418b364fe89bd2f9c315ef90fd",qtscan,qtscan,0,0,0,0,0,0,0,0,0,0,0,0,29,0,3,22,1,0,0,0,0,0,0,0,0,0,0,0,0,24,0,3,27,10461918508,,10461918508,10461918508,0,0,0,0,0,0,0,0,0,0,0,0,29,0,3,22,"315fe946595344768fee16809a819b4e",Autoapps,2022-01-01,0,0,0,0,0,0,0,0,0,0,0,0,0,0,0,0
"003b21418b364fe89bd2f9c315ef90fd",qtscan,qtscan,0,0,0,0,0,0,0,0,0,0,0,0,0,0,0,0,0,0,0,0,0,0,0,0,0,0,0,0,0,0,0,0,0,,,,,0,0,0,0,0,0,0,0,0,0,0,0,29,0,3,22,"315fe946595344768fee16809a819b4e",Autoapps,2022-02-01,0,0,0,0,0,0,0,0,0,0,0,0,0,0,0,0
"fc1c4a4e82b84b6e957451616c2df7f7",yarntut,yarntut,0,0,0,0,0,0,0,0,0,0,0,0,0,0,0,0,0,0,0,0,0,0,0,0,0,0,0,0,0,0,0,0,0,,,,,0,0,0,0,0,0,0,0,0,0,0,0,0,0,0,0,"7cb7f2c605e04ead94dae83f9fb481d3",Apps,2021-09-01,0,0,0,0,0,0,0,0,0,0,0,0,0,0,0,0
"fc1c4a4e82b84b6e957451616c2df7f7",yarntut,yarntut,0,0,0,0,0,0,0,0,0,0,0,0,0,0,0,0,0,0,0,0,0,0,0,0,0,0,0,0,0,0,0,0,0,,,,,0,0,0,0,0,0,0,0,0,0,0,0,0,0,0,0,"7cb7f2c605e04ead94dae83f9fb481d3",Apps,2021-10-01,0,0,0,0,0,0,0,0,0,0,0,0,0,0,0,0
"fc1c4a4e82b84b6e957451616c2df7f7",yarntut,yarntut,0,0,0,0,0,0,0,0,0,0,0,0,0,0,0,0,0,0,0,0,0,0,0,0,0,0,0,0,0,0,0,0,0,,,,,0,0,0,0,0,0,0,0,0,0,0,0,0,0,0,0,"7cb7f2c605e04ead94dae83f9fb481d3",Apps,2021-11-01,0,0,0,0,0,0,0,0,0,0,0,0,0,0,0,0
"fc1c4a4e82b84b6e957451616c2df7f7",yarntut,yarntut,0,0,0,0,0,0,0,0,0,0,0,0,0,0,0,0,0,0,0,0,0,0,0,0,0,0,0,0,0,0,0,0,0,,,,,0,0,0,0,0,0,0,0,0,0,0,0,0,0,0,0,"7cb7f2c605e04ead94dae83f9fb481d3",Apps,2021-12-01,0,0,0,0,0,0,0,0,0,0,0,0,0,0,0,0
"fc1c4a4e82b84b6e957451616c2df7f7",yarntut,yarntut,0,0,0,0,0,0,0,0,0,0,0,0,0,0,0,0,0,0,0,0,0,0,0,0,0,0,0,0,0,0,0,0,0,,,,,0,0,0,0,0,0,0,0,0,0,0,0,0,0,0,0,"7cb7f2c605e04ead94dae83f9fb481d3",Apps,2022-01-01,0,0,0,0,0,0,0,0,0,0,0,0,0,0,0,0
"fc1c4a4e82b84b6e957451616c2df7f7",yarntut,yarntut,0,0,0,0,0,0,0,0,0,0,0,0,0,0,0,0,0,0,0,0,0,0,0,0,0,0,0,0,0,0,0,0,0,,,,,0,0,0,0,0,0,0,0,0,0,0,0,0,0,0,0,"7cb7f2c605e04ead94dae83f9fb481d3",Apps,2022-02-01,0,0,0,0,0,0,0,0,0,0,0,0,0,0,0,0
"7e69cbdf3fab4fa5bb99c2fc08640a65",producer,producer,0,0,0,0,0,0,1,0,0,15,0,0,22,0,3,8,1,0,0,0,0,0,0,0,0,0,0,0,0,0,0,0,0,,,,,0,0,0,0,0,0,1,0,0,15,0,0,22,0,3,8,"7cb7f2c605e04ead94dae83f9fb481d3",Apps,2021-09-01,0,0,0,0,0,0,0,0,0,0,0,0,0,0,0,0
"7e69cbdf3fab4fa5bb99c2fc08640a65",producer,producer,0,0,0,0,0,0,0,0,0,0,0,0,0,0,0,0,2,0,0,0,0,0,0,0,0,0,0,0,0,0,0,0,0,2329106721,,,,0,0,0,0,0,0,1,0,0,15,0,0,18,0,3,8,"7cb7f2c605e04ead94dae83f9fb481d3",Apps,2021-10-01,0,0,0,0,0,0,0,0,0,0,0,0,4,0,0,0
"7e69cbdf3fab4fa5bb99c2fc08640a65",producer,producer,0,0,0,0,0,0,0,0,0,0,0,0,0,0,0,0,0,0,0,0,0,0,0,0,0,0,0,0,0,0,0,0,0,,,,,0,0,0,0,0,0,1,0,0,15,0,0,18,0,3,8,"7cb7f2c605e04ead94dae83f9fb481d3",Apps,2021-11-01,0,0,0,0,0,0,0,0,0,0,0,0,0,0,0,0
"7e69cbdf3fab4fa5bb99c2fc08640a65",producer,producer,0,0,0,0,0,0,0,0,0,0,0,0,0,0,0,0,0,0,0,0,0,0,0,0,0,0,0,0,0,0,0,0,0,,,,,0,0,0,0,0,0,1,0,0,15,0,0,18,0,3,8,"7cb7f2c605e04ead94dae83f9fb481d3",Apps,2021-12-01,0,0,0,0,0,0,0,0,0,0,0,0,0,0,0,0
"7e69cbdf3fab4fa5bb99c2fc08640a65",producer,producer,2,0,0,0,0,0,3,0,0,16,0,0,36,0,4,28,8,0,0,0,0,0,0,3,0,0,26,0,0,26,0,6,15,8351377437,7011284175,5438128170,6505026721,2,0,0,0,0,0,1,0,0,5,0,0,28,0,1,21,"7cb7f2c605e04ead94dae83f9fb481d3",Apps,2022-01-01,0,0,0,0,0,0,0,0,0,0,0,0,0,0,0,0
"7e69cbdf3fab4fa5bb99c2fc08640a65",producer,producer,0,0,0,0,0,0,0,0,0,1,0,0,1,0,0,0,2,2,0,0,0,0,0,0,0,0,0,0,0,0,0,0,0,554938568,,,,0,0,0,0,0,0,1,0,0,6,0,0,29,0,1,21,"7cb7f2c605e04ead94dae83f9fb481d3",Apps,2022-02-01,0,0,0,0,0,0,0,0,0,0,0,0,0,0,0,0
"ba2d5243c9f947ac98f936356f7d5508","Yarn Tut - Solao",yarn-tut__solao,0,0,0,0,0,0,0,0,0,12,0,0,2,0,0,2,12,0,0,0,0,0,0,0,0,0,0,0,0,1,0,0,1,1682010205,,,1682010205,0,0,0,0,0,0,0,0,0,12,0,0,1,0,0,1,"81d158d31ed84e44bc1acf1c8f198c2f",SCM-Bitbucket,2021-09-01,0,0,0,0,0,0,0,0,0,0,0,0,0,0,0,0
"ba2d5243c9f947ac98f936356f7d5508","Yarn Tut - Solao",yarn-tut__solao,0,0,0,0,0,0,0,0,0,0,0,0,0,0,0,0,14,0,0,0,0,0,0,0,0,0,0,0,0,0,0,0,0,,,,,0,0,0,0,0,0,0,0,0,12,0,0,1,0,0,1,"81d158d31ed84e44bc1acf1c8f198c2f",SCM-Bitbucket,2021-10-01,0,0,0,0,0,0,0,0,0,0,0,0,0,0,0,0
"ba2d5243c9f947ac98f936356f7d5508","Yarn Tut - Solao",yarn-tut__solao,0,0,0,0,0,0,0,0,0,0,0,0,0,0,0,0,15,0,0,0,0,0,0,0,0,0,0,0,0,0,0,0,0,,,,,0,0,0,0,0,0,0,0,0,12,0,0,1,0,0,1,"81d158d31ed84e44bc1acf1c8f198c2f",SCM-Bitbucket,2021-11-01,0,0,0,0,0,0,0,0,0,0,0,0,0,0,0,0
"ba2d5243c9f947ac98f936356f7d5508","Yarn Tut - Solao",yarn-tut__solao,0,0,0,0,0,0,0,0,0,12,0,0,1,0,0,1,10,0,0,0,0,0,0,0,0,0,12,0,0,1,0,0,1,6483606343,8338416281,,6483606343,0,0,0,0,0,0,0,0,0,12,0,0,1,0,0,1,"81d158d31ed84e44bc1acf1c8f198c2f",SCM-Bitbucket,2021-12-01,0,0,0,0,0,0,0,0,0,0,0,0,0,0,0,0
"ba2d5243c9f947ac98f936356f7d5508","Yarn Tut - Solao",yarn-tut__solao,0,0,0,0,0,0,0,0,0,0,0,0,0,0,0,0,4,0,0,0,0,0,0,0,0,0,0,0,0,0,0,0,0,,,,,0,0,0,0,0,0,0,0,0,12,0,0,1,0,0,1,"81d158d31ed84e44bc1acf1c8f198c2f",SCM-Bitbucket,2022-01-01,0,0,0,0,0,0,0,0,0,0,0,0,0,0,0,0
"ba2d5243c9f947ac98f936356f7d5508","Yarn Tut - Solao",yarn-tut__solao,0,0,0,0,0,0,0,0,0,0,0,0,0,0,0,0,14,0,0,0,0,0,0,0,0,0,0,0,0,0,0,0,0,,,,,0,0,0,0,0,0,0,0,0,12,0,0,1,0,0,1,"81d158d31ed84e44bc1acf1c8f198c2f",SCM-Bitbucket,2022-02-01,0,0,0,0,0,0,0,0,0,0,0,0,0,0,0,0
"0798a10b6b924cba9c7b58289dab52ce",p1,p1,0,0,0,0,0,0,0,0,0,13,0,0,34,0,4,84,2,0,0,0,0,0,0,0,0,0,0,0,0,0,0,0,0,767271691,,,,0,0,0,0,0,0,0,0,0,13,0,0,33,0,4,84,"315fe946595344768fee16809a819b4e",Autoapps,2021-09-01,0,0,0,0,0,0,0,0,0,0,0,0,1,0,0,0
"0798a10b6b924cba9c7b58289dab52ce",p1,p1,0,0,0,0,0,0,0,0,0,0,0,0,0,0,0,0,0,0,0,0,0,0,0,0,0,0,0,0,0,0,0,0,0,,,,,0,0,0,0,0,0,0,0,0,13,0,0,33,0,4,84,"315fe946595344768fee16809a819b4e",Autoapps,2021-10-01,0,0,0,0,0,0,0,0,0,0,0,0,0,0,0,0
"0798a10b6b924cba9c7b58289dab52ce",p1,p1,0,0,0,0,0,0,0,0,0,0,0,0,0,0,0,0,0,0,0,0,0,0,0,0,0,0,0,0,0,0,0,0,0,,,,,0,0,0,0,0,0,0,0,0,13,0,0,33,0,4,84,"315fe946595344768fee16809a819b4e",Autoapps,2021-11-01,0,0,0,0,0,0,0,0,0,0,0,0,0,0,0,0
"0798a10b6b924cba9c7b58289dab52ce",p1,p1,0,0,0,0,0,0,0,0,0,0,0,0,0,0,0,0,0,0,0,0,0,0,0,0,0,0,0,0,0,0,0,0,0,,,,,0,0,0,0,0,0,0,0,0,13,0,0,33,0,4,84,"315fe946595344768fee16809a819b4e",Autoapps,2021-12-01,0,0,0,0,0,0,0,0,0,0,0,0,0,0,0,0
"0798a10b6b924cba9c7b58289dab52ce",p1,p1,0,0,0,0,0,0,0,0,0,17,0,0,33,0,4,91,1,0,0,0,0,0,0,0,0,0,13,0,0,33,0,4,84,11751791476,11751791476,11751791476,11751791476,0,0,0,0,0,0,0,0,0,17,0,0,33,0,4,91,"315fe946595344768fee16809a819b4e",Autoapps,2022-01-01,0,0,0,0,0,0,0,0,0,0,0,0,0,0,0,0
"0798a10b6b924cba9c7b58289dab52ce",p1,p1,0,0,0,0,0,0,0,0,0,0,0,0,0,0,0,0,0,0,0,0,0,0,0,0,0,0,0,0,0,0,0,0,0,,,,,0,0,0,0,0,0,0,0,0,17,0,0,33,0,4,91,"315fe946595344768fee16809a819b4e",Autoapps,2022-02-01,0,0,0,0,0,0,0,0,0,0,0,0,0,0,0,0
"ce3cac33b8454060b1199162d875338f",debapp,debapp,0,0,0,0,0,0,0,0,0,0,0,0,35,0,6,104,3,0,0,0,0,0,0,0,0,0,0,0,0,0,0,0,0,,,,,0,0,0,0,0,0,0,0,0,0,0,0,35,0,6,104,"315fe946595344768fee16809a819b4e",Autoapps,2021-12-01,0,0,0,0,0,0,0,0,0,0,0,0,0,0,0,0
"ce3cac33b8454060b1199162d875338f",debapp,debapp,0,0,0,0,0,0,0,0,0,0,0,0,1,0,0,0,1,0,0,0,0,0,0,0,0,0,0,0,0,0,0,0,0,,,,,0,0,0,0,0,0,0,0,0,0,0,0,36,0,6,104,"315fe946595344768fee16809a819b4e",Autoapps,2022-01-01,0,0,0,0,0,0,0,0,0,0,0,0,0,0,0,0
"ce3cac33b8454060b1199162d875338f",debapp,debapp,0,0,0,0,0,0,0,0,0,0,0,0,0,0,0,0,0,0,0,0,0,0,0,0,0,0,0,0,0,0,0,0,0,,,,,0,0,0,0,0,0,0,0,0,0,0,0,36,0,6,104,"315fe946595344768fee16809a819b4e",Autoapps,2022-02-01,0,0,0,0,0,0,0,0,0,0,0,0,0,0,0,0
"b5200cd2f3714566a7c3cc4d7ae8db17",jsapp2,jsapp2,0,0,0,0,0,0,0,0,0,18,0,0,11,0,0,2,1,0,0,0,0,0,0,0,0,0,0,0,0,0,0,0,0,,,,,0,0,0,0,0,0,0,0,0,18,0,0,11,0,0,2,"315fe946595344768fee16809a819b4e",Autoapps,2022-02-01,0,0,0,0,0,0,0,0,0,0,0,0,0,0,0,0
"f79a8d3d324b4dfa964efdef21d72862",conanapp,conanapp,0,0,0,0,0,0,0,0,0,0,0,0,8,0,0,6,2,0,0,0,0,0,0,0,0,0,0,0,0,0,0,0,0,,,,,0,0,0,0,0,0,0,0,0,0,0,0,8,0,0,6,"315fe946595344768fee16809a819b4e",Autoapps,2021-09-01,0,0,0,0,0,0,0,0,0,0,0,0,0,0,0,0
"f79a8d3d324b4dfa964efdef21d72862",conanapp,conanapp,3,0,0,0,0,0,0,0,0,0,0,0,2,0,0,0,4,0,0,0,0,0,0,0,0,0,0,0,0,0,0,0,0,1052327188,,,,3,0,0,0,0,0,0,0,0,0,0,0,7,0,0,6,"315fe946595344768fee16809a819b4e",Autoapps,2021-10-01,0,0,0,0,0,0,0,0,0,0,0,0,3,0,0,0
"f79a8d3d324b4dfa964efdef21d72862",conanapp,conanapp,0,0,0,0,0,0,0,0,0,0,0,0,0,0,0,0,0,0,0,0,0,0,0,0,0,0,0,0,0,0,0,0,0,,,,,3,0,0,0,0,0,0,0,0,0,0,0,7,0,0,6,"315fe946595344768fee16809a819b4e",Autoapps,2021-11-01,0,0,0,0,0,0,0,0,0,0,0,0,0,0,0,0
"f79a8d3d324b4dfa964efdef21d72862",conanapp,conanapp,0,0,0,0,0,0,0,0,0,0,0,0,0,0,0,0,1,0,0,0,0,0,0,0,0,0,0,0,0,0,0,0,0,5498745436,,,,3,0,0,0,0,0,0,0,0,0,0,0,6,0,0,6,"315fe946595344768fee16809a819b4e",Autoapps,2021-12-01,0,0,0,0,0,0,0,0,0,0,0,0,1,0,0,0
"f79a8d3d324b4dfa964efdef21d72862",conanapp,conanapp,0,0,0,0,0,0,0,0,0,0,0,0,17,0,3,18,1,3,0,0,0,0,0,0,0,0,0,0,0,6,0,0,6,10382013967,,,10979440168,0,0,0,0,0,0,0,0,0,0,0,0,17,0,3,18,"315fe946595344768fee16809a819b4e",Autoapps,2022-01-01,0,0,0,0,0,0,0,0,0,0,0,0,0,0,0,0
"f79a8d3d324b4dfa964efdef21d72862",conanapp,conanapp,0,0,0,0,0,0,0,0,0,0,0,0,0,0,0,0,3,0,0,0,0,0,0,0,0,0,0,0,0,0,0,0,0,,,,,0,0,0,0,0,0,0,0,0,0,0,0,17,0,3,18,"315fe946595344768fee16809a819b4e",Autoapps,2022-02-01,0,0,0,0,0,0,0,0,0,0,0,0,0,0,0,0
"aac9a54ee59b4b13ae7f881082dfbcda",simple-gradle,simple-gradle,0,0,0,0,0,0,0,0,0,27,0,0,6,0,0,1,13,0,0,0,0,0,0,0,0,0,14,0,0,4,0,0,0,355696,355696,,,0,0,0,0,0,0,0,0,0,13,0,0,2,0,0,1,"315fe946595344768fee16809a819b4e",Autoapps,2021-09-01,0,0,0,0,0,0,0,0,0,0,0,0,0,0,0,0
"aac9a54ee59b4b13ae7f881082dfbcda",simple-gradle,simple-gradle,0,0,0,0,0,0,0,0,0,0,0,0,0,0,0,0,0,0,0,0,0,0,0,0,0,0,0,0,0,0,0,0,0,,,,,0,0,0,0,0,0,0,0,0,13,0,0,2,0,0,1,"315fe946595344768fee16809a819b4e",Autoapps,2021-10-01,0,0,0,0,0,0,0,0,0,0,0,0,0,0,0,0
"aac9a54ee59b4b13ae7f881082dfbcda",simple-gradle,simple-gradle,0,0,0,0,0,0,0,0,0,0,0,0,0,0,0,0,0,0,0,0,0,0,0,0,0,0,0,0,0,0,0,0,0,,,,,0,0,0,0,0,0,0,0,0,13,0,0,2,0,0,1,"315fe946595344768fee16809a819b4e",Autoapps,2021-11-01,0,0,0,0,0,0,0,0,0,0,0,0,0,0,0,0
"aac9a54ee59b4b13ae7f881082dfbcda",simple-gradle,simple-gradle,0,0,0,0,0,0,0,0,0,0,0,0,0,0,0,0,0,0,0,0,0,0,0,0,0,0,0,0,0,0,0,0,0,,,,,0,0,0,0,0,0,0,0,0,13,0,0,2,0,0,1,"315fe946595344768fee16809a819b4e",Autoapps,2021-12-01,0,0,0,0,0,0,0,0,0,0,0,0,0,0,0,0
"aac9a54ee59b4b13ae7f881082dfbcda",simple-gradle,simple-gradle,0,0,0,0,0,0,0,0,0,13,0,0,1,0,0,1,1,0,0,0,0,0,0,0,0,0,13,0,0,2,0,0,1,10057187129,10212350142,,10393746375,0,0,0,0,0,0,0,0,0,13,0,0,1,0,0,1,"315fe946595344768fee16809a819b4e",Autoapps,2022-01-01,0,0,0,0,0,0,0,0,0,0,0,0,0,0,0,0
"aac9a54ee59b4b13ae7f881082dfbcda",simple-gradle,simple-gradle,0,0,0,0,0,0,0,0,0,0,0,0,0,0,0,0,0,0,0,0,0,0,0,0,0,0,0,0,0,0,0,0,0,,,,,0,0,0,0,0,0,0,0,0,13,0,0,1,0,0,1,"315fe946595344768fee16809a819b4e",Autoapps,2022-02-01,0,0,0,0,0,0,0,0,0,0,0,0,0,0,0,0
"035c1cc9f2674dc590e7e5216a8fb13c",successmetrics,successmetrics,0,0,0,0,0,1,3,0,0,10,0,0,3,0,0,7,1,0,0,0,0,0,0,0,0,0,0,0,0,0,0,0,0,,,,,0,0,0,0,0,1,3,0,0,10,0,0,3,0,0,7,"315fe946595344768fee16809a819b4e",Autoapps,2021-12-01,0,0,0,0,0,0,0,0,0,0,0,0,0,0,0,0
"035c1cc9f2674dc590e7e5216a8fb13c",successmetrics,successmetrics,0,0,0,0,0,0,0,0,0,0,0,0,4,0,0,3,1,0,0,0,0,0,0,0,0,0,0,0,0,0,0,0,0,,,,,0,0,0,0,0,1,3,0,0,10,0,0,7,0,0,10,"315fe946595344768fee16809a819b4e",Autoapps,2022-01-01,0,0,0,0,0,0,0,0,0,0,0,0,0,0,0,0
"035c1cc9f2674dc590e7e5216a8fb13c",successmetrics,successmetrics,0,0,0,0,0,0,0,0,0,0,0,0,0,0,0,0,0,0,0,0,0,0,0,0,0,0,0,0,0,0,0,0,0,,,,,0,0,0,0,0,1,3,0,0,10,0,0,7,0,0,10,"315fe946595344768fee16809a819b4e",Autoapps,2022-02-01,0,0,0,0,0,0,0,0,0,0,0,0,0,0,0,0
"963ed6c9eb2e4c9889a344a515ce961c",mm-webapp,mm-webapp,0,0,0,0,0,0,7,0,0,6,0,0,7,0,0,0,3,0,0,0,0,0,0,4,0,0,0,0,0,0,0,0,0,,,595939,,0,0,0,0,0,0,3,0,0,6,0,0,7,0,0,0,"315fe946595344768fee16809a819b4e",Autoapps,2022-02-01,0,0,0,0,0,0,0,0,0,0,0,0,0,0,0,0
"a020ccd6da7048559b62e784ac3ee154",webgoat,webgoat,0,0,0,1,0,1,1,0,0,68,0,0,19,0,4,48,1,0,0,0,0,0,0,0,0,0,0,0,0,0,0,0,0,,,,,0,0,0,1,0,1,1,0,0,68,0,0,19,0,4,48,"315fe946595344768fee16809a819b4e",Autoapps,2021-10-01,0,0,0,0,0,0,0,0,0,0,0,0,0,0,0,0
"a020ccd6da7048559b62e784ac3ee154",webgoat,webgoat,0,0,0,0,0,0,0,0,0,0,0,0,0,0,0,0,0,0,0,0,0,0,0,0,0,0,0,0,0,0,0,0,0,,,,,0,0,0,1,0,1,1,0,0,68,0,0,19,0,4,48,"315fe946595344768fee16809a819b4e",Autoapps,2021-11-01,0,0,0,0,0,0,0,0,0,0,0,0,0,0,0,0
"a020ccd6da7048559b62e784ac3ee154",webgoat,webgoat,0,0,0,0,0,0,0,0,0,0,0,0,0,0,0,0,0,0,0,0,0,0,0,0,0,0,0,0,0,0,0,0,0,,,,,0,0,0,1,0,1,1,0,0,68,0,0,19,0,4,48,"315fe946595344768fee16809a819b4e",Autoapps,2021-12-01,0,0,0,0,0,0,0,0,0,0,0,0,0,0,0,0
"a020ccd6da7048559b62e784ac3ee154",webgoat,webgoat,0,0,0,1,0,1,1,0,0,71,0,0,27,0,4,53,1,0,0,0,1,0,1,1,0,0,68,0,0,19,0,4,48,9586584190,9586584190,9586584190,9586584190,0,0,0,1,0,1,1,0,0,71,0,0,27,0,4,53,"315fe946595344768fee16809a819b4e",Autoapps,2022-01-01,0,0,0,0,0,0,0,0,0,0,0,0,0,0,0,0
"a020ccd6da7048559b62e784ac3ee154",webgoat,webgoat,0,0,0,0,0,0,0,0,0,0,0,0,0,0,0,0,0,0,0,0,0,0,0,0,0,0,0,0,0,0,0,0,0,,,,,0,0,0,1,0,1,1,0,0,71,0,0,27,0,4,53,"315fe946595344768fee16809a819b4e",Autoapps,2022-02-01,0,0,0,0,0,0,0,0,0,0,0,0,0,0,0,0
"153ded1e603c428d8f5f2879ea7499d5",wg-remed,wg-remed,40,0,0,2,0,2,3,0,0,136,0,0,36,0,8,104,7,40,0,0,1,0,1,2,0,0,68,0,0,17,0,4,52,1397936,1057604,900690,1080828,0,0,0,1,0,1,1,0,0,68,0,0,18,0,4,52,"315fe946595344768fee16809a819b4e",Autoapps,2021-12-01,0,0,0,0,0,0,0,0,0,0,0,0,1,0,0,0
"153ded1e603c428d8f5f2879ea7499d5",wg-remed,wg-remed,0,0,0,0,0,0,0,0,0,6,0,0,8,0,0,3,1,0,0,0,0,0,0,0,0,0,3,0,0,0,0,0,2,,3455025956,,3455025956,0,0,0,1,0,1,1,0,0,71,0,0,26,0,4,53,"315fe946595344768fee16809a819b4e",Autoapps,2022-01-01,0,0,0,0,0,0,0,0,0,0,0,0,0,0,0,0
"153ded1e603c428d8f5f2879ea7499d5",wg-remed,wg-remed,0,0,0,0,0,0,0,0,0,0,0,0,0,0,0,0,0,0,0,0,0,0,0,0,0,0,0,0,0,0,0,0,0,,,,,0,0,0,1,0,1,1,0,0,71,0,0,26,0,4,53,"315fe946595344768fee16809a819b4e",Autoapps,2022-02-01,0,0,0,0,0,0,0,0,0,0,0,0,0,0,0,0
"b12a3bc87df94b4ea1884b74c6a60584",openssl102,openssl102,3,0,0,0,0,0,0,0,0,0,0,0,16,0,3,21,1,0,0,0,0,0,0,0,0,0,0,0,0,0,0,0,0,,,,,3,0,0,0,0,0,0,0,0,0,0,0,16,0,3,21,"315fe946595344768fee16809a819b4e",Autoapps,2021-10-01,0,0,0,0,0,0,0,0,0,0,0,0,0,0,0,0
"b12a3bc87df94b4ea1884b74c6a60584",openssl102,openssl102,0,0,0,0,0,0,0,0,0,0,0,0,0,0,0,0,0,0,0,0,0,0,0,0,0,0,0,0,0,0,0,0,0,,,,,3,0,0,0,0,0,0,0,0,0,0,0,16,0,3,21,"315fe946595344768fee16809a819b4e",Autoapps,2021-11-01,0,0,0,0,0,0,0,0,0,0,0,0,0,0,0,0
"b12a3bc87df94b4ea1884b74c6a60584",openssl102,openssl102,0,0,0,0,0,0,0,0,0,0,0,0,0,0,0,0,0,0,0,0,0,0,0,0,0,0,0,0,0,0,0,0,0,,,,,3,0,0,0,0,0,0,0,0,0,0,0,16,0,3,21,"315fe946595344768fee16809a819b4e",Autoapps,2021-12-01,0,0,0,0,0,0,0,0,0,0,0,0,0,0,0,0
"b12a3bc87df94b4ea1884b74c6a60584",openssl102,openssl102,0,0,0,0,0,0,0,0,0,0,0,0,17,0,3,18,1,3,0,0,0,0,0,0,0,0,0,0,0,16,0,3,21,8756229687,,8756229687,8756229687,0,0,0,0,0,0,0,0,0,0,0,0,17,0,3,18,"315fe946595344768fee16809a819b4e",Autoapps,2022-01-01,0,0,0,0,0,0,0,0,0,0,0,0,0,0,0,0
"b12a3bc87df94b4ea1884b74c6a60584",openssl102,openssl102,0,0,0,0,0,0,0,0,0,0,0,0,0,0,0,0,0,0,0,0,0,0,0,0,0,0,0,0,0,0,0,0,0,,,,,0,0,0,0,0,0,0,0,0,0,0,0,17,0,3,18,"315fe946595344768fee16809a819b4e",Autoapps,2022-02-01,0,0,0,0,0,0,0,0,0,0,0,0,0,0,0,0
"e10b0a225b114e08973e21bbf56aacdf",prod2,prod2,0,0,0,0,0,0,1,0,0,5,0,0,25,0,1,15,3,0,0,0,0,0,0,0,0,0,0,0,0,0,0,0,0,,,,,0,0,0,0,0,0,1,0,0,5,0,0,25,0,1,15,"315fe946595344768fee16809a819b4e",Autoapps,2021-12-01,0,0,0,0,0,0,0,0,0,0,0,0,0,0,0,0
"e10b0a225b114e08973e21bbf56aacdf",prod2,prod2,0,0,0,0,0,0,0,0,0,0,0,0,3,0,0,6,1,0,0,0,0,0,0,0,0,0,0,0,0,0,0,0,0,,,,,0,0,0,0,0,0,1,0,0,5,0,0,28,0,1,21,"315fe946595344768fee16809a819b4e",Autoapps,2022-01-01,0,0,0,0,0,0,0,0,0,0,0,0,0,0,0,0
"e10b0a225b114e08973e21bbf56aacdf",prod2,prod2,0,0,0,0,0,0,0,0,0,0,0,0,0,0,0,0,0,0,0,0,0,0,0,0,0,0,0,0,0,0,0,0,0,,,,,0,0,0,0,0,0,1,0,0,5,0,0,28,0,1,21,"315fe946595344768fee16809a819b4e",Autoapps,2022-02-01,0,0,0,0,0,0,0,0,0,0,0,0,0,0,0,0
"94cf697f3cd14975aba5f0e2c81c45dd",openssl111k,openssl111k,0,0,0,0,0,0,0,0,0,0,0,0,11,0,0,26,4,0,0,0,0,0,0,0,0,0,0,0,0,8,0,0,18,207669361,,,184614681,0,0,0,0,0,0,0,0,0,0,0,0,3,0,0,8,"315fe946595344768fee16809a819b4e",Autoapps,2021-09-01,0,0,0,0,0,0,0,0,0,0,0,0,0,0,0,0
"94cf697f3cd14975aba5f0e2c81c45dd",openssl111k,openssl111k,3,0,0,0,0,0,0,0,0,0,0,0,2,0,0,0,1,0,0,0,0,0,0,0,0,0,0,0,0,1,0,0,0,1303310964,,,,3,0,0,0,0,0,0,0,0,0,0,0,4,0,0,8,"315fe946595344768fee16809a819b4e",Autoapps,2021-10-01,0,0,0,0,0,0,0,0,0,0,0,0,0,0,0,0
"94cf697f3cd14975aba5f0e2c81c45dd",openssl111k,openssl111k,0,0,0,0,0,0,0,0,0,0,0,0,0,0,0,0,0,0,0,0,0,0,0,0,0,0,0,0,0,0,0,0,0,,,,,3,0,0,0,0,0,0,0,0,0,0,0,4,0,0,8,"315fe946595344768fee16809a819b4e",Autoapps,2021-11-01,0,0,0,0,0,0,0,0,0,0,0,0,0,0,0,0
"94cf697f3cd14975aba5f0e2c81c45dd",openssl111k,openssl111k,0,0,0,0,0,0,0,0,0,0,0,0,0,0,0,0,0,0,0,0,0,0,0,0,0,0,0,0,0,0,0,0,0,,,,,3,0,0,0,0,0,0,0,0,0,0,0,4,0,0,8,"315fe946595344768fee16809a819b4e",Autoapps,2021-12-01,0,0,0,0,0,0,0,0,0,0,0,0,0,0,0,0
"94cf697f3cd14975aba5f0e2c81c45dd",openssl111k,openssl111k,0,0,0,0,0,0,0,0,0,0,0,0,5,0,0,4,1,3,0,0,0,0,0,0,0,0,0,0,0,4,0,0,8,9128245694,,,10059182097,0,0,0,0,0,0,0,0,0,0,0,0,5,0,0,4,"315fe946595344768fee16809a819b4e",Autoapps,2022-01-01,0,0,0,0,0,0,0,0,0,0,0,0,0,0,0,0
"94cf697f3cd14975aba5f0e2c81c45dd",openssl111k,openssl111k,0,0,0,0,0,0,0,0,0,0,0,0,0,0,0,0,0,0,0,0,0,0,0,0,0,0,0,0,0,0,0,0,0,,,,,0,0,0,0,0,0,0,0,0,0,0,0,5,0,0,4,"315fe946595344768fee16809a819b4e",Autoapps,2022-02-01,0,0,0,0,0,0,0,0,0,0,0,0,0,0,0,0
"d7c49ef455614addb76cfd8ab163e552",simpleapp,simpleapp,24,0,0,0,0,0,0,2,0,3,0,0,2,0,1,2,1,0,0,0,0,0,0,0,0,0,0,0,0,0,0,0,0,,,,,24,0,0,0,0,0,0,2,0,3,0,0,2,0,1,2,"315fe946595344768fee16809a819b4e",Autoapps,2022-01-01,0,0,0,0,0,0,0,0,0,0,0,0,0,0,0,0
"d7c49ef455614addb76cfd8ab163e552",simpleapp,simpleapp,0,0,0,0,0,0,0,0,0,0,0,0,0,0,0,0,0,0,0,0,0,0,0,0,0,0,0,0,0,0,0,0,0,,,,,24,0,0,0,0,0,0,2,0,3,0,0,2,0,1,2,"315fe946595344768fee16809a819b4e",Autoapps,2022-02-01,0,0,0,0,0,0,0,0,0,0,0,0,0,0,0,0
"a45a5383dff24ac9b5503927aa1dab0d",r1,r1,0,0,0,0,0,0,0,0,0,0,0,0,5,0,0,0,1,0,0,0,0,0,0,0,0,0,0,0,0,0,0,0,0,,,,,0,0,0,0,0,0,0,0,0,0,0,0,5,0,0,0,"315fe946595344768fee16809a819b4e",Autoapps,2021-09-01,0,0,0,0,0,0,0,0,0,0,0,0,0,0,0,0
"a45a5383dff24ac9b5503927aa1dab0d",r1,r1,0,0,0,0,0,0,0,0,0,0,0,0,0,0,0,0,0,0,0,0,0,0,0,0,0,0,0,0,0,0,0,0,0,,,,,0,0,0,0,0,0,0,0,0,0,0,0,5,0,0,0,"315fe946595344768fee16809a819b4e",Autoapps,2021-10-01,0,0,0,0,0,0,0,0,0,0,0,0,0,0,0,0
"a45a5383dff24ac9b5503927aa1dab0d",r1,r1,0,0,0,0,0,0,0,0,0,0,0,0,0,0,0,0,0,0,0,0,0,0,0,0,0,0,0,0,0,0,0,0,0,,,,,0,0,0,0,0,0,0,0,0,0,0,0,5,0,0,0,"315fe946595344768fee16809a819b4e",Autoapps,2021-11-01,0,0,0,0,0,0,0,0,0,0,0,0,0,0,0,0
"a45a5383dff24ac9b5503927aa1dab0d",r1,r1,0,0,0,0,0,0,0,0,0,0,0,0,0,0,0,0,0,0,0,0,0,0,0,0,0,0,0,0,0,0,0,0,0,,,,,0,0,0,0,0,0,0,0,0,0,0,0,5,0,0,0,"315fe946595344768fee16809a819b4e",Autoapps,2021-12-01,0,0,0,0,0,0,0,0,0,0,0,0,0,0,0,0
"a45a5383dff24ac9b5503927aa1dab0d",r1,r1,0,0,0,0,0,0,0,0,0,0,0,0,0,0,0,0,1,0,0,0,0,0,0,0,0,0,0,0,0,5,0,0,0,11752009026,,,,0,0,0,0,0,0,0,0,0,0,0,0,0,0,0,0,"315fe946595344768fee16809a819b4e",Autoapps,2022-01-01,0,0,0,0,0,0,0,0,0,0,0,0,0,0,0,0
"a45a5383dff24ac9b5503927aa1dab0d",r1,r1,0,0,0,0,0,0,0,0,0,0,0,0,0,0,0,0,0,0,0,0,0,0,0,0,0,0,0,0,0,0,0,0,0,,,,,0,0,0,0,0,0,0,0,0,0,0,0,0,0,0,0,"315fe946595344768fee16809a819b4e",Autoapps,2022-02-01,0,0,0,0,0,0,0,0,0,0,0,0,0,0,0,0
"564fb33a2eae4070b56ad6e0f90b5c59",webgoat-bamboo,webgoat-bamboo,40,0,0,1,0,1,2,0,0,68,0,0,18,0,4,50,2,0,0,0,0,0,0,1,0,0,0,0,0,0,0,0,0,,,1119593,,40,0,0,1,0,1,1,0,0,68,0,0,18,0,4,50,"0f386a093bad4f87a5036fd93ec5e21a",Webgoat,2021-11-01,0,0,0,0,0,0,0,0,0,0,0,0,0,0,0,0
"564fb33a2eae4070b56ad6e0f90b5c59",webgoat-bamboo,webgoat-bamboo,0,0,0,0,0,0,0,0,0,0,0,0,0,0,0,0,0,0,0,0,0,0,0,0,0,0,0,0,0,0,0,0,0,,,,,40,0,0,1,0,1,1,0,0,68,0,0,18,0,4,50,"0f386a093bad4f87a5036fd93ec5e21a",Webgoat,2021-12-01,0,0,0,0,0,0,0,0,0,0,0,0,0,0,0,0
"564fb33a2eae4070b56ad6e0f90b5c59",webgoat-bamboo,webgoat-bamboo,0,0,0,1,0,1,1,0,0,71,0,0,27,0,4,53,1,40,0,0,1,0,1,1,0,0,68,0,0,18,0,4,50,6165702344,6165702344,6165478425,6165702344,0,0,0,1,0,1,1,0,0,71,0,0,27,0,4,53,"0f386a093bad4f87a5036fd93ec5e21a",Webgoat,2022-01-01,0,0,0,0,0,0,0,0,0,0,0,0,0,0,0,0
"564fb33a2eae4070b56ad6e0f90b5c59",webgoat-bamboo,webgoat-bamboo,0,0,0,0,0,0,0,0,0,0,0,0,0,0,0,0,0,0,0,0,0,0,0,0,0,0,0,0,0,0,0,0,0,,,,,0,0,0,1,0,1,1,0,0,71,0,0,27,0,4,53,"0f386a093bad4f87a5036fd93ec5e21a",Webgoat,2022-02-01,0,0,0,0,0,0,0,0,0,0,0,0,0,0,0,0
"a8c64f085c1c4ce9ae1c3a2e8b9c1c4f",webg2,webg2,0,0,0,0,0,1,1,0,0,80,0,0,26,0,4,47,13,0,0,0,0,0,0,0,0,0,0,0,0,0,0,0,3,,,,1641595572,0,0,0,0,0,1,1,0,0,80,0,0,26,0,4,44,"315fe946595344768fee16809a819b4e",Autoapps,2021-09-01,0,0,0,0,0,0,0,0,0,0,0,0,0,0,0,0
"a8c64f085c1c4ce9ae1c3a2e8b9c1c4f",webg2,webg2,0,0,0,0,0,0,0,0,0,0,0,0,1,0,0,1,16,0,0,0,0,0,0,0,0,0,0,0,0,0,0,0,0,2116797854,2125986380,,,0,0,0,0,0,1,1,0,0,79,0,0,25,0,4,45,"315fe946595344768fee16809a819b4e",Autoapps,2021-10-01,0,0,0,0,0,0,0,0,0,1,0,0,2,0,0,0
"a8c64f085c1c4ce9ae1c3a2e8b9c1c4f",webg2,webg2,21,0,0,0,0,0,0,0,0,0,0,0,1,0,0,1,15,0,0,0,0,0,0,0,0,0,1,0,0,2,0,0,1,3457803492,6742802153,,431997165,21,0,0,0,0,1,1,0,0,78,0,0,24,0,4,45,"315fe946595344768fee16809a819b4e",Autoapps,2021-11-01,0,0,0,0,0,0,0,0,0,0,0,0,0,0,0,0
"a8c64f085c1c4ce9ae1c3a2e8b9c1c4f",webg2,webg2,0,0,0,0,0,1,0,0,0,65,0,0,22,0,4,45,10,21,0,0,0,0,0,0,0,0,14,0,0,2,0,2,27,3312165869,8298007729,8298007729,7251207029,0,0,0,0,0,2,1,0,0,129,0,0,44,0,6,63,"315fe946595344768fee16809a819b4e",Autoapps,2021-12-01,0,0,0,0,0,0,0,0,0,0,0,0,0,0,0,0
"a8c64f085c1c4ce9ae1c3a2e8b9c1c4f",webg2,webg2,0,0,0,0,0,0,1,0,0,16,0,0,13,0,0,4,5,0,0,0,0,0,1,1,0,0,64,0,0,25,0,2,21,10517058871,11752594230,11752594230,11257894391,0,0,0,0,0,1,1,0,0,81,0,0,32,0,4,46,"315fe946595344768fee16809a819b4e",Autoapps,2022-01-01,0,0,0,0,0,0,0,0,0,0,0,0,0,0,0,0
"a8c64f085c1c4ce9ae1c3a2e8b9c1c4f",webg2,webg2,0,0,0,0,0,0,0,0,0,0,0,0,3,0,0,1,14,0,0,0,0,0,0,0,0,0,0,0,0,0,0,0,1,,,,4924790833,0,0,0,0,0,1,1,0,0,81,0,0,35,0,4,46,"315fe946595344768fee16809a819b4e",Autoapps,2022-02-01,0,0,0,0,0,0,0,0,0,0,0,0,0,0,0,0
"4828b90daba04167965cd0e2c3ea8bba",loadscanxml,loadscanxml,4,0,0,1,0,1,1,0,0,68,0,0,23,0,4,49,5,3,0,0,0,0,0,0,0,0,0,0,0,5,0,0,0,5793650,,,,1,0,0,1,0,1,1,0,0,68,0,0,18,0,4,49,"7cb7f2c605e04ead94dae83f9fb481d3",Apps,2021-10-01,0,0,0,0,0,0,0,0,0,0,0,0,0,0,0,0
"4828b90daba04167965cd0e2c3ea8bba",loadscanxml,loadscanxml,0,0,0,0,0,0,0,0,0,0,0,0,0,0,0,0,0,0,0,0,0,0,0,0,0,0,0,0,0,0,0,0,0,,,,,1,0,0,1,0,1,1,0,0,68,0,0,18,0,4,49,"7cb7f2c605e04ead94dae83f9fb481d3",Apps,2021-11-01,0,0,0,0,0,0,0,0,0,0,0,0,0,0,0,0
"4828b90daba04167965cd0e2c3ea8bba",loadscanxml,loadscanxml,0,0,0,0,0,0,0,0,0,0,0,0,0,0,0,0,0,0,0,0,0,0,0,0,0,0,0,0,0,0,0,0,0,,,,,1,0,0,1,0,1,1,0,0,68,0,0,18,0,4,49,"7cb7f2c605e04ead94dae83f9fb481d3",Apps,2021-12-01,0,0,0,0,0,0,0,0,0,0,0,0,0,0,0,0
"4828b90daba04167965cd0e2c3ea8bba",loadscanxml,loadscanxml,0,0,0,1,0,1,1,0,0,71,0,0,27,0,4,53,1,1,0,0,1,0,1,1,0,0,68,0,0,18,0,4,49,8311347159,8311347159,8311347159,8311347159,0,0,0,1,0,1,1,0,0,71,0,0,27,0,4,53,"7cb7f2c605e04ead94dae83f9fb481d3",Apps,2022-01-01,0,0,0,0,0,0,0,0,0,0,0,0,0,0,0,0
"4828b90daba04167965cd0e2c3ea8bba",loadscanxml,loadscanxml,0,0,0,0,0,0,0,0,0,0,0,0,0,0,0,0,0,0,0,0,0,0,0,0,0,0,0,0,0,0,0,0,0,,,,,0,0,0,1,0,1,1,0,0,71,0,0,27,0,4,53,"7cb7f2c605e04ead94dae83f9fb481d3",Apps,2022-02-01,0,0,0,0,0,0,0,0,0,0,0,0,0,0,0,0
"eedd3f6e580240c2970006b38acdea9f",smproto-ui,smproto-ui,0,0,0,0,0,0,0,3,5,200,0,0,14,0,1,11,1,0,0,0,0,0,0,0,0,0,0,0,0,0,0,0,0,,,,,0,0,0,0,0,0,0,3,5,200,0,0,14,0,1,11,"315fe946595344768fee16809a819b4e",Autoapps,2021-09-01,0,0,0,0,0,0,0,0,0,0,0,0,0,0,0,0
"eedd3f6e580240c2970006b38acdea9f",smproto-ui,smproto-ui,0,0,0,0,0,0,0,0,0,0,0,0,0,0,0,0,0,0,0,0,0,0,0,0,0,0,0,0,0,0,0,0,0,,,,,0,0,0,0,0,0,0,3,5,200,0,0,14,0,1,11,"315fe946595344768fee16809a819b4e",Autoapps,2021-10-01,0,0,0,0,0,0,0,0,0,0,0,0,0,0,0,0
"eedd3f6e580240c2970006b38acdea9f",smproto-ui,smproto-ui,0,0,0,0,0,0,0,0,0,0,0,0,0,0,0,0,0,0,0,0,0,0,0,0,0,0,0,0,0,0,0,0,0,,,,,0,0,0,0,0,0,0,3,5,200,0,0,14,0,1,11,"315fe946595344768fee16809a819b4e",Autoapps,2021-11-01,0,0,0,0,0,0,0,0,0,0,0,0,0,0,0,0
"eedd3f6e580240c2970006b38acdea9f",smproto-ui,smproto-ui,0,0,0,0,0,0,0,0,0,0,0,0,0,0,0,0,0,0,0,0,0,0,0,0,0,0,0,0,0,0,0,0,0,,,,,0,0,0,0,0,0,0,3,5,200,0,0,14,0,1,11,"315fe946595344768fee16809a819b4e",Autoapps,2021-12-01,0,0,0,0,0,0,0,0,0,0,0,0,0,0,0,0
"eedd3f6e580240c2970006b38acdea9f",smproto-ui,smproto-ui,0,0,0,0,0,0,0,3,0,234,0,0,19,0,1,13,1,0,0,0,0,0,0,0,3,5,200,0,0,14,0,1,11,9874483364,9874483364,9874483364,9874483364,0,0,0,0,0,0,0,3,0,234,0,0,19,0,1,13,"315fe946595344768fee16809a819b4e",Autoapps,2022-01-01,0,0,0,0,0,0,0,0,0,0,0,0,0,0,0,0
"eedd3f6e580240c2970006b38acdea9f",smproto-ui,smproto-ui,0,0,0,0,0,0,0,0,0,0,0,0,0,0,0,0,0,0,0,0,0,0,0,0,0,0,0,0,0,0,0,0,0,,,,,0,0,0,0,0,0,0,3,0,234,0,0,19,0,1,13,"315fe946595344768fee16809a819b4e",Autoapps,2022-02-01,0,0,0,0,0,0,0,0,0,0,0,0,0,0,0,0
"089119332226489885d4cb16a27b3cea",webgoat-vscode,webgoat-vscode,0,0,0,0,0,0,0,0,0,0,0,0,0,0,0,0,0,0,0,0,0,0,0,0,0,0,0,0,0,0,0,0,0,,,,,0,0,0,0,0,0,0,0,0,0,0,0,0,0,0,0,"0f386a093bad4f87a5036fd93ec5e21a",Webgoat,2021-10-01,0,0,0,0,0,0,0,0,0,0,0,0,0,0,0,0
"089119332226489885d4cb16a27b3cea",webgoat-vscode,webgoat-vscode,0,0,0,0,0,0,0,0,0,0,0,0,0,0,0,0,0,0,0,0,0,0,0,0,0,0,0,0,0,0,0,0,0,,,,,0,0,0,0,0,0,0,0,0,0,0,0,0,0,0,0,"0f386a093bad4f87a5036fd93ec5e21a",Webgoat,2021-11-01,0,0,0,0,0,0,0,0,0,0,0,0,0,0,0,0
"089119332226489885d4cb16a27b3cea",webgoat-vscode,webgoat-vscode,0,0,0,0,0,0,0,0,0,0,0,0,0,0,0,0,0,0,0,0,0,0,0,0,0,0,0,0,0,0,0,0,0,,,,,0,0,0,0,0,0,0,0,0,0,0,0,0,0,0,0,"0f386a093bad4f87a5036fd93ec5e21a",Webgoat,2021-12-01,0,0,0,0,0,0,0,0,0,0,0,0,0,0,0,0
"089119332226489885d4cb16a27b3cea",webgoat-vscode,webgoat-vscode,0,0,0,0,0,0,0,0,0,0,0,0,0,0,0,0,0,0,0,0,0,0,0,0,0,0,0,0,0,0,0,0,0,,,,,0,0,0,0,0,0,0,0,0,0,0,0,0,0,0,0,"0f386a093bad4f87a5036fd93ec5e21a",Webgoat,2022-01-01,0,0,0,0,0,0,0,0,0,0,0,0,0,0,0,0
"089119332226489885d4cb16a27b3cea",webgoat-vscode,webgoat-vscode,0,0,0,0,0,0,0,0,0,0,0,0,0,0,0,0,0,0,0,0,0,0,0,0,0,0,0,0,0,0,0,0,0,,,,,0,0,0,0,0,0,0,0,0,0,0,0,0,0,0,0,"0f386a093bad4f87a5036fd93ec5e21a",Webgoat,2022-02-01,0,0,0,0,0,0,0,0,0,0,0,0,0,0,0,0
"d0cbafdfdb574b9594e64f46c27c6c4c","Bspecs - Solao",bspecs__solao,0,0,0,0,0,0,0,0,0,0,0,0,0,0,0,0,12,0,0,0,0,0,0,0,0,0,0,0,0,0,0,0,0,,,,,0,0,0,0,0,0,0,0,0,0,0,0,0,0,0,0,"81d158d31ed84e44bc1acf1c8f198c2f",SCM-Bitbucket,2021-09-01,0,0,0,0,0,0,0,0,0,0,0,0,0,0,0,0
"d0cbafdfdb574b9594e64f46c27c6c4c","Bspecs - Solao",bspecs__solao,0,0,0,0,0,0,0,0,0,0,0,0,0,0,0,0,14,0,0,0,0,0,0,0,0,0,0,0,0,0,0,0,0,,,,,0,0,0,0,0,0,0,0,0,0,0,0,0,0,0,0,"81d158d31ed84e44bc1acf1c8f198c2f",SCM-Bitbucket,2021-10-01,0,0,0,0,0,0,0,0,0,0,0,0,0,0,0,0
"d0cbafdfdb574b9594e64f46c27c6c4c","Bspecs - Solao",bspecs__solao,0,0,0,0,0,0,0,0,0,0,0,0,0,0,0,0,15,0,0,0,0,0,0,0,0,0,0,0,0,0,0,0,0,,,,,0,0,0,0,0,0,0,0,0,0,0,0,0,0,0,0,"81d158d31ed84e44bc1acf1c8f198c2f",SCM-Bitbucket,2021-11-01,0,0,0,0,0,0,0,0,0,0,0,0,0,0,0,0
"d0cbafdfdb574b9594e64f46c27c6c4c","Bspecs - Solao",bspecs__solao,0,0,0,0,0,0,0,0,0,0,0,0,0,0,0,0,10,0,0,0,0,0,0,0,0,0,0,0,0,0,0,0,0,,,,,0,0,0,0,0,0,0,0,0,0,0,0,0,0,0,0,"81d158d31ed84e44bc1acf1c8f198c2f",SCM-Bitbucket,2021-12-01,0,0,0,0,0,0,0,0,0,0,0,0,0,0,0,0
"d0cbafdfdb574b9594e64f46c27c6c4c","Bspecs - Solao",bspecs__solao,0,0,0,0,0,0,0,0,0,0,0,0,0,0,0,0,5,0,0,0,0,0,0,0,0,0,0,0,0,0,0,0,0,,,,,0,0,0,0,0,0,0,0,0,0,0,0,0,0,0,0,"81d158d31ed84e44bc1acf1c8f198c2f",SCM-Bitbucket,2022-01-01,0,0,0,0,0,0,0,0,0,0,0,0,0,0,0,0
"d0cbafdfdb574b9594e64f46c27c6c4c","Bspecs - Solao",bspecs__solao,0,0,0,0,0,0,0,0,0,0,0,0,0,0,0,0,14,0,0,0,0,0,0,0,0,0,0,0,0,0,0,0,0,,,,,0,0,0,0,0,0,0,0,0,0,0,0,0,0,0,0,"81d158d31ed84e44bc1acf1c8f198c2f",SCM-Bitbucket,2022-02-01,0,0,0,0,0,0,0,0,0,0,0,0,0,0,0,0
"e741555a0ada4631b17590e7dc7f936b",wbg20,wbg20,0,0,0,0,0,1,1,0,0,80,0,0,26,0,4,47,12,0,0,0,0,0,0,0,0,0,0,0,0,0,0,0,3,,,,1555196446,0,0,0,0,0,1,1,0,0,80,0,0,26,0,4,44,"315fe946595344768fee16809a819b4e",Autoapps,2021-09-01,0,0,0,0,0,0,0,0,0,0,0,0,0,0,0,0
"e741555a0ada4631b17590e7dc7f936b",wbg20,wbg20,0,0,0,0,0,0,0,0,0,0,0,0,5,0,0,1,18,0,0,0,0,0,0,0,0,0,0,0,0,0,0,0,0,1618213982,2070465144,,,0,0,0,0,0,1,1,0,0,79,0,0,25,0,4,45,"315fe946595344768fee16809a819b4e",Autoapps,2021-10-01,0,0,0,0,0,0,0,0,0,1,0,0,6,0,0,0
"e741555a0ada4631b17590e7dc7f936b",wbg20,wbg20,21,0,0,0,0,0,0,0,0,0,0,0,1,0,0,1,15,0,0,0,0,0,0,0,0,0,1,0,0,2,0,0,1,3414603038,6656401736,,431997312,21,0,0,0,0,1,1,0,0,78,0,0,24,0,4,45,"315fe946595344768fee16809a819b4e",Autoapps,2021-11-01,0,0,0,0,0,0,0,0,0,0,0,0,0,0,0,0
"e741555a0ada4631b17590e7dc7f936b",wbg20,wbg20,0,0,0,0,0,1,0,0,0,63,0,0,22,0,4,44,10,21,0,0,0,0,0,0,0,0,14,0,0,2,0,2,27,3308287334,8211608639,8211608639,7184007809,0,0,0,0,0,2,1,0,0,127,0,0,44,0,6,62,"315fe946595344768fee16809a819b4e",Autoapps,2021-12-01,0,0,0,0,0,0,0,0,0,0,0,0,0,0,0,0
"e741555a0ada4631b17590e7dc7f936b",wbg20,wbg20,0,0,0,0,0,0,1,0,0,18,0,0,13,0,0,5,5,0,0,0,0,0,1,1,0,0,64,0,0,25,0,2,21,10217235782,11694223863,11694223863,11202302064,0,0,0,0,0,1,1,0,0,81,0,0,32,0,4,46,"315fe946595344768fee16809a819b4e",Autoapps,2022-01-01,0,0,0,0,0,0,0,0,0,0,0,0,0,0,0,0
"e741555a0ada4631b17590e7dc7f936b",wbg20,wbg20,0,0,0,0,0,0,0,0,0,0,0,0,3,0,0,1,14,0,0,0,0,0,0,0,0,0,0,0,0,0,0,0,1,,,,4924790407,0,0,0,0,0,1,1,0,0,81,0,0,35,0,4,46,"315fe946595344768fee16809a819b4e",Autoapps,2022-02-01,0,0,0,0,0,0,0,0,0,0,0,0,0,0,0,0
"da021690a6d84ecc9c887a81d7a5d411",maven-simple1,maven-simple1,0,0,0,0,0,0,1,0,0,0,0,0,2,0,0,2,1,0,0,0,0,0,0,0,0,0,0,0,0,0,0,0,0,,,,,0,0,0,0,0,0,1,0,0,0,0,0,2,0,0,2,"315fe946595344768fee16809a819b4e",Autoapps,2021-09-01,0,0,0,0,0,0,0,0,0,0,0,0,0,0,0,0
"da021690a6d84ecc9c887a81d7a5d411",maven-simple1,maven-simple1,0,0,0,0,0,0,0,0,0,0,0,0,0,0,0,0,0,0,0,0,0,0,0,0,0,0,0,0,0,0,0,0,0,,,,,0,0,0,0,0,0,1,0,0,0,0,0,2,0,0,2,"315fe946595344768fee16809a819b4e",Autoapps,2021-10-01,0,0,0,0,0,0,0,0,0,0,0,0,0,0,0,0
"da021690a6d84ecc9c887a81d7a5d411",maven-simple1,maven-simple1,0,0,0,0,0,0,0,0,0,0,0,0,0,0,0,0,0,0,0,0,0,0,0,0,0,0,0,0,0,0,0,0,0,,,,,0,0,0,0,0,0,1,0,0,0,0,0,2,0,0,2,"315fe946595344768fee16809a819b4e",Autoapps,2021-11-01,0,0,0,0,0,0,0,0,0,0,0,0,0,0,0,0
"da021690a6d84ecc9c887a81d7a5d411",maven-simple1,maven-simple1,0,0,0,0,0,0,0,0,0,0,0,0,0,0,0,0,0,0,0,0,0,0,0,0,0,0,0,0,0,0,0,0,0,,,,,0,0,0,0,0,0,1,0,0,0,0,0,2,0,0,2,"315fe946595344768fee16809a819b4e",Autoapps,2021-12-01,0,0,0,0,0,0,0,0,0,0,0,0,0,0,0,0
"da021690a6d84ecc9c887a81d7a5d411",maven-simple1,maven-simple1,0,0,0,0,0,0,1,0,0,0,0,0,2,0,0,2,1,0,0,0,0,0,0,1,0,0,0,0,0,2,0,0,2,10395616464,,10395616464,10395616464,0,0,0,0,0,0,1,0,0,0,0,0,2,0,0,2,"315fe946595344768fee16809a819b4e",Autoapps,2022-01-01,0,0,0,0,0,0,0,0,0,0,0,0,0,0,0,0
"da021690a6d84ecc9c887a81d7a5d411",maven-simple1,maven-simple1,0,0,0,0,0,0,0,0,0,0,0,0,0,0,0,0,0,0,0,0,0,0,0,0,0,0,0,0,0,0,0,0,0,,,,,0,0,0,0,0,0,1,0,0,0,0,0,2,0,0,2,"315fe946595344768fee16809a819b4e",Autoapps,2022-02-01,0,0,0,0,0,0,0,0,0,0,0,0,0,0,0,0
"8f8dd1be765b46afa855100b4e383de1",rapp,rapp,0,0,0,0,0,0,0,0,0,0,0,0,5,0,0,0,1,0,0,0,0,0,0,0,0,0,0,0,0,0,0,0,0,,,,,0,0,0,0,0,0,0,0,0,0,0,0,5,0,0,0,"315fe946595344768fee16809a819b4e",Autoapps,2021-09-01,0,0,0,0,0,0,0,0,0,0,0,0,0,0,0,0
"8f8dd1be765b46afa855100b4e383de1",rapp,rapp,0,0,0,0,0,0,0,0,0,0,0,0,0,0,0,0,0,0,0,0,0,0,0,0,0,0,0,0,0,0,0,0,0,,,,,0,0,0,0,0,0,0,0,0,0,0,0,5,0,0,0,"315fe946595344768fee16809a819b4e",Autoapps,2021-10-01,0,0,0,0,0,0,0,0,0,0,0,0,0,0,0,0
"8f8dd1be765b46afa855100b4e383de1",rapp,rapp,0,0,0,0,0,0,0,0,0,0,0,0,0,0,0,0,0,0,0,0,0,0,0,0,0,0,0,0,0,0,0,0,0,,,,,0,0,0,0,0,0,0,0,0,0,0,0,5,0,0,0,"315fe946595344768fee16809a819b4e",Autoapps,2021-11-01,0,0,0,0,0,0,0,0,0,0,0,0,0,0,0,0
"8f8dd1be765b46afa855100b4e383de1",rapp,rapp,0,0,0,0,0,0,0,0,0,0,0,0,0,0,0,0,0,0,0,0,0,0,0,0,0,0,0,0,0,0,0,0,0,,,,,0,0,0,0,0,0,0,0,0,0,0,0,5,0,0,0,"315fe946595344768fee16809a819b4e",Autoapps,2021-12-01,0,0,0,0,0,0,0,0,0,0,0,0,0,0,0,0
"8f8dd1be765b46afa855100b4e383de1",rapp,rapp,0,0,0,0,0,0,0,0,0,0,0,0,0,0,0,0,1,0,0,0,0,0,0,0,0,0,0,0,0,5,0,0,0,11693171624,,,,0,0,0,0,0,0,0,0,0,0,0,0,0,0,0,0,"315fe946595344768fee16809a819b4e",Autoapps,2022-01-01,0,0,0,0,0,0,0,0,0,0,0,0,0,0,0,0
"8f8dd1be765b46afa855100b4e383de1",rapp,rapp,0,0,0,0,0,0,0,0,0,0,0,0,0,0,0,0,0,0,0,0,0,0,0,0,0,0,0,0,0,0,0,0,0,,,,,0,0,0,0,0,0,0,0,0,0,0,0,0,0,0,0,"315fe946595344768fee16809a819b4e",Autoapps,2022-02-01,0,0,0,0,0,0,0,0,0,0,0,0,0,0,0,0
"739fa4a76c7940c28e9b4f8379768ba9",jsapp1,jsapp1,0,0,0,0,0,0,0,0,0,18,0,0,8,0,0,1,1,0,0,0,0,0,0,0,0,0,0,0,0,0,0,0,0,,,,,0,0,0,0,0,0,0,0,0,18,0,0,8,0,0,1,"315fe946595344768fee16809a819b4e",Autoapps,2022-02-01,0,0,0,0,0,0,0,0,0,0,0,0,0,0,0,0
"4743a3348d0441f08e55f97b3806f32a","Webgoat4 - Solao",webgoat4__solao,0,0,0,0,0,1,0,0,0,63,0,0,27,0,4,45,14,0,0,0,0,0,0,0,0,0,0,0,0,0,0,0,1,,,,86399489,0,0,0,0,0,1,0,0,0,63,0,0,27,0,4,44,"81d158d31ed84e44bc1acf1c8f198c2f",SCM-Bitbucket,2022-02-01,0,0,0,0,0,0,0,0,0,0,0,0,0,0,0,0
"8e761e741cf748458f51a0c1f4826fdb",conanapp4,conanapp4,0,0,0,0,0,0,0,0,0,0,0,0,4,0,1,10,1,0,0,0,0,0,0,0,0,0,0,0,0,0,0,0,0,,,,,0,0,0,0,0,0,0,0,0,0,0,0,4,0,1,10,"315fe946595344768fee16809a819b4e",Autoapps,2021-09-01,0,0,0,0,0,0,0,0,0,0,0,0,0,0,0,0
"8e761e741cf748458f51a0c1f4826fdb",conanapp4,conanapp4,0,0,0,0,0,0,0,0,0,0,0,0,0,0,0,0,0,0,0,0,0,0,0,0,0,0,0,0,0,0,0,0,0,,,,,0,0,0,0,0,0,0,0,0,0,0,0,4,0,1,10,"315fe946595344768fee16809a819b4e",Autoapps,2021-10-01,0,0,0,0,0,0,0,0,0,0,0,0,0,0,0,0
"8e761e741cf748458f51a0c1f4826fdb",conanapp4,conanapp4,0,0,0,0,0,0,0,0,0,0,0,0,0,0,0,0,0,0,0,0,0,0,0,0,0,0,0,0,0,0,0,0,0,,,,,0,0,0,0,0,0,0,0,0,0,0,0,4,0,1,10,"315fe946595344768fee16809a819b4e",Autoapps,2021-11-01,0,0,0,0,0,0,0,0,0,0,0,0,0,0,0,0
"8e761e741cf748458f51a0c1f4826fdb",conanapp4,conanapp4,0,0,0,0,0,0,0,0,0,0,0,0,0,0,0,0,0,0,0,0,0,0,0,0,0,0,0,0,0,0,0,0,0,,,,,0,0,0,0,0,0,0,0,0,0,0,0,4,0,1,10,"315fe946595344768fee16809a819b4e",Autoapps,2021-12-01,0,0,0,0,0,0,0,0,0,0,0,0,0,0,0,0
"8e761e741cf748458f51a0c1f4826fdb",conanapp4,conanapp4,0,0,0,0,0,0,0,0,0,0,0,0,6,0,1,7,1,0,0,0,0,0,0,0,0,0,0,0,0,4,0,1,10,10543480262,,10543480262,10543480262,0,0,0,0,0,0,0,0,0,0,0,0,6,0,1,7,"315fe946595344768fee16809a819b4e",Autoapps,2022-01-01,0,0,0,0,0,0,0,0,0,0,0,0,0,0,0,0
"8e761e741cf748458f51a0c1f4826fdb",conanapp4,conanapp4,0,0,0,0,0,0,0,0,0,0,0,0,0,0,0,0,0,0,0,0,0,0,0,0,0,0,0,0,0,0,0,0,0,,,,,0,0,0,0,0,0,0,0,0,0,0,0,6,0,1,7,"315fe946595344768fee16809a819b4e",Autoapps,2022-02-01,0,0,0,0,0,0,0,0,0,0,0,0,0,0,0,0
"3debc7bbc4734ebc8d56ed22555c7343",App1,App1,0,0,0,0,0,0,1,0,0,6,0,0,29,0,1,21,20,0,0,0,0,0,0,0,0,0,0,0,0,0,0,0,0,,,,,0,0,0,0,0,0,1,0,0,6,0,0,29,0,1,21,"315fe946595344768fee16809a819b4e",Autoapps,2022-02-01,0,0,0,0,0,0,0,0,0,0,0,0,0,0,0,0
"3a322d6309b5455595d2aedab93a82ef",wg1,wg1,0,0,0,0,0,1,1,0,0,80,0,0,26,0,4,46,13,0,0,0,0,0,0,0,0,0,0,0,0,0,0,0,2,,,,1727997396,0,0,0,0,0,1,1,0,0,80,0,0,26,0,4,44,"81d158d31ed84e44bc1acf1c8f198c2f",SCM-Bitbucket,2021-09-01,0,0,0,0,0,0,0,0,0,0,0,0,0,0,0,0
"3a322d6309b5455595d2aedab93a82ef",wg1,wg1,0,0,0,0,0,0,0,0,0,0,0,0,0,0,0,1,16,0,0,0,0,0,0,0,0,0,0,0,0,0,0,0,0,2332799975,2218118418,,,0,0,0,0,0,1,1,0,0,79,0,0,25,0,4,45,"81d158d31ed84e44bc1acf1c8f198c2f",SCM-Bitbucket,2021-10-01,0,0,0,0,0,0,0,0,0,1,0,0,1,0,0,0
"3a322d6309b5455595d2aedab93a82ef",wg1,wg1,21,0,0,0,0,0,0,0,0,0,0,0,1,0,0,1,16,0,0,0,0,0,0,0,0,0,1,0,0,2,0,0,1,4781683156,6829202899,,2927009826,21,0,0,0,0,1,1,0,0,78,0,0,20,0,4,44,"81d158d31ed84e44bc1acf1c8f198c2f",SCM-Bitbucket,2021-11-01,0,0,0,0,0,0,0,0,0,0,0,0,4,0,0,1
"3a322d6309b5455595d2aedab93a82ef",wg1,wg1,0,0,0,0,0,1,1,0,0,81,0,0,27,0,4,47,12,21,0,0,0,0,1,1,0,0,78,0,0,20,0,4,46,5884678976,8928081101,8780871619,8072961801,0,0,0,0,0,1,1,0,0,81,0,0,27,0,4,45,"81d158d31ed84e44bc1acf1c8f198c2f",SCM-Bitbucket,2021-12-01,0,0,0,0,0,0,0,0,0,0,0,0,0,0,0,0
"3a322d6309b5455595d2aedab93a82ef",wg1,wg1,0,0,0,0,0,0,0,0,0,1,0,0,8,0,0,3,5,0,0,0,0,0,0,0,0,0,1,0,0,3,0,0,2,1456487110,2796077635,,2080003353,0,0,0,0,0,1,1,0,0,81,0,0,32,0,4,46,"81d158d31ed84e44bc1acf1c8f198c2f",SCM-Bitbucket,2022-01-01,0,0,0,0,0,0,0,0,0,0,0,0,0,0,0,0
"3a322d6309b5455595d2aedab93a82ef",wg1,wg1,0,0,0,0,0,0,0,0,0,0,0,0,3,0,0,1,14,0,0,0,0,0,0,0,0,0,0,0,0,0,0,0,1,,,,4924789758,0,0,0,0,0,1,1,0,0,81,0,0,35,0,4,46,"81d158d31ed84e44bc1acf1c8f198c2f",SCM-Bitbucket,2022-02-01,0,0,0,0,0,0,0,0,0,0,0,0,0,0,0,0
"32dfd49de78a48c3bc10a7ff4313e795",wg3,wg3,0,0,0,0,0,1,1,0,0,65,0,0,22,0,2,20,1,0,0,0,0,0,0,0,0,0,0,0,0,0,0,0,0,,,,,0,0,0,0,0,1,1,0,0,65,0,0,22,0,2,20,"81d158d31ed84e44bc1acf1c8f198c2f",SCM-Bitbucket,2021-09-01,0,0,0,0,0,0,0,0,0,0,0,0,0,0,0,0
"32dfd49de78a48c3bc10a7ff4313e795",wg3,wg3,0,0,0,0,0,0,0,0,0,0,0,0,0,0,0,0,1,0,0,0,0,0,0,0,0,0,0,0,0,0,0,0,0,2663221918,2663221918,,2663221918,0,0,0,0,0,1,1,0,0,64,0,0,17,0,2,19,"81d158d31ed84e44bc1acf1c8f198c2f",SCM-Bitbucket,2021-10-01,0,0,0,0,0,0,0,0,0,1,0,0,5,0,0,1
"32dfd49de78a48c3bc10a7ff4313e795",wg3,wg3,0,0,0,0,0,0,0,0,0,0,0,0,0,0,0,0,0,0,0,0,0,0,0,0,0,0,0,0,0,0,0,0,0,,,,,0,0,0,0,0,1,1,0,0,64,0,0,17,0,2,19,"81d158d31ed84e44bc1acf1c8f198c2f",SCM-Bitbucket,2021-11-01,0,0,0,0,0,0,0,0,0,0,0,0,0,0,0,0
"32dfd49de78a48c3bc10a7ff4313e795",wg3,wg3,0,0,0,0,0,0,0,0,0,0,0,0,0,0,0,0,0,0,0,0,0,0,0,0,0,0,0,0,0,0,0,0,0,,,,,0,0,0,0,0,1,1,0,0,64,0,0,17,0,2,19,"81d158d31ed84e44bc1acf1c8f198c2f",SCM-Bitbucket,2021-12-01,0,0,0,0,0,0,0,0,0,0,0,0,0,0,0,0
"32dfd49de78a48c3bc10a7ff4313e795",wg3,wg3,0,0,0,0,0,1,1,0,0,67,0,0,29,0,2,21,1,0,0,0,0,0,1,1,0,0,64,0,0,17,0,2,19,11846538575,11846538575,11846538575,11846538575,0,0,0,0,0,1,1,0,0,67,0,0,29,0,2,21,"81d158d31ed84e44bc1acf1c8f198c2f",SCM-Bitbucket,2022-01-01,0,0,0,0,0,0,0,0,0,0,0,0,0,0,0,0
"32dfd49de78a48c3bc10a7ff4313e795",wg3,wg3,0,0,0,0,0,0,0,0,0,0,0,0,0,0,0,0,1,0,0,0,0,0,0,0,0,0,0,0,0,0,0,0,0,1557050864,,,,0,0,0,0,0,1,1,0,0,67,0,0,27,0,2,21,"81d158d31ed84e44bc1acf1c8f198c2f",SCM-Bitbucket,2022-02-01,0,0,0,0,0,0,0,0,0,0,0,0,2,0,0,0
"bd14b166cf5c454190d62dd75139a6a9",maven-simple-2,maven-simple-2,0,0,0,0,0,0,1,0,0,0,0,0,2,0,0,2,1,0,0,0,0,0,0,0,0,0,0,0,0,0,0,0,0,,,,,0,0,0,0,0,0,1,0,0,0,0,0,2,0,0,2,"315fe946595344768fee16809a819b4e",Autoapps,2021-09-01,0,0,0,0,0,0,0,0,0,0,0,0,0,0,0,0
"bd14b166cf5c454190d62dd75139a6a9",maven-simple-2,maven-simple-2,0,0,0,0,0,0,0,0,0,0,0,0,0,0,0,1,4,0,0,0,0,0,0,0,0,0,0,0,0,0,0,0,0,786926341,,,793078237,0,0,0,0,0,0,1,0,0,0,0,0,0,0,0,2,"315fe946595344768fee16809a819b4e",Autoapps,2021-10-01,0,0,0,0,0,0,0,0,0,0,0,0,2,0,0,1
"bd14b166cf5c454190d62dd75139a6a9",maven-simple-2,maven-simple-2,0,0,0,0,0,0,0,0,0,0,0,0,0,0,0,0,0,0,0,0,0,0,0,0,0,0,0,0,0,0,0,0,0,,,,,0,0,0,0,0,0,1,0,0,0,0,0,0,0,0,2,"315fe946595344768fee16809a819b4e",Autoapps,2021-11-01,0,0,0,0,0,0,0,0,0,0,0,0,0,0,0,0
"bd14b166cf5c454190d62dd75139a6a9",maven-simple-2,maven-simple-2,0,0,0,0,0,0,0,0,0,0,0,0,0,0,0,0,0,0,0,0,0,0,0,0,0,0,0,0,0,0,0,0,0,,,,,0,0,0,0,0,0,1,0,0,0,0,0,0,0,0,2,"315fe946595344768fee16809a819b4e",Autoapps,2021-12-01,0,0,0,0,0,0,0,0,0,0,0,0,0,0,0,0
"bd14b166cf5c454190d62dd75139a6a9",maven-simple-2,maven-simple-2,0,0,0,0,0,0,1,0,0,0,0,0,2,0,0,2,1,0,0,0,0,0,0,1,0,0,0,0,0,0,0,0,2,,,10394739257,9998176708,0,0,0,0,0,0,1,0,0,0,0,0,2,0,0,2,"315fe946595344768fee16809a819b4e",Autoapps,2022-01-01,0,0,0,0,0,0,0,0,0,0,0,0,0,0,0,0
"bd14b166cf5c454190d62dd75139a6a9",maven-simple-2,maven-simple-2,0,0,0,0,0,0,0,0,0,0,0,0,0,0,0,0,0,0,0,0,0,0,0,0,0,0,0,0,0,0,0,0,0,,,,,0,0,0,0,0,0,1,0,0,0,0,0,2,0,0,2,"315fe946595344768fee16809a819b4e",Autoapps,2022-02-01,0,0,0,0,0,0,0,0,0,0,0,0,0,0,0,0
"5896b7a5b0834c438c07b8778557a564",service,service,0,0,0,0,0,0,2,0,0,0,0,0,0,0,0,0,1,0,0,0,0,0,0,0,0,0,0,0,0,0,0,0,0,,,,,0,0,0,0,0,0,2,0,0,0,0,0,0,0,0,0,"315fe946595344768fee16809a819b4e",Autoapps,2022-02-01,0,0,0,0,0,0,0,0,0,0,0,0,0,0,0,0
"b8f22000d61e4018816ac9a79adfe99b","Webgoat2a - Solao",webgoat2a__solao,0,0,0,0,0,1,0,0,0,63,0,0,27,0,4,45,14,0,0,0,0,0,0,0,0,0,0,0,0,0,0,0,1,,,,86391815,0,0,0,0,0,1,0,0,0,63,0,0,27,0,4,44,"81d158d31ed84e44bc1acf1c8f198c2f",SCM-Bitbucket,2022-02-01,0,0,0,0,0,0,0,0,0,0,0,0,0,0,0,0
"f362ba9a342f4bab9fdd71f5944afabe",jline,jline,0,0,0,0,0,0,0,0,0,2,0,0,0,0,0,0,1,0,0,0,0,0,0,0,0,0,0,0,0,0,0,0,0,,,,,0,0,0,0,0,0,0,0,0,2,0,0,0,0,0,0,"315fe946595344768fee16809a819b4e",Autoapps,2021-10-01,0,0,0,0,0,0,0,0,0,0,0,0,0,0,0,0
"f362ba9a342f4bab9fdd71f5944afabe",jline,jline,0,0,0,0,0,0,0,0,0,0,0,0,0,0,0,0,0,0,0,0,0,0,0,0,0,0,0,0,0,0,0,0,0,,,,,0,0,0,0,0,0,0,0,0,2,0,0,0,0,0,0,"315fe946595344768fee16809a819b4e",Autoapps,2021-11-01,0,0,0,0,0,0,0,0,0,0,0,0,0,0,0,0
"f362ba9a342f4bab9fdd71f5944afabe",jline,jline,0,0,0,0,0,0,0,0,0,0,0,0,0,0,0,0,0,0,0,0,0,0,0,0,0,0,0,0,0,0,0,0,0,,,,,0,0,0,0,0,0,0,0,0,2,0,0,0,0,0,0,"315fe946595344768fee16809a819b4e",Autoapps,2021-12-01,0,0,0,0,0,0,0,0,0,0,0,0,0,0,0,0
"f362ba9a342f4bab9fdd71f5944afabe",jline,jline,0,0,0,0,0,0,0,0,0,2,0,0,0,0,0,0,1,0,0,0,0,0,0,0,0,0,2,0,0,0,0,0,0,,9439847179,,,0,0,0,0,0,0,0,0,0,2,0,0,0,0,0,0,"315fe946595344768fee16809a819b4e",Autoapps,2022-01-01,0,0,0,0,0,0,0,0,0,0,0,0,0,0,0,0
"f362ba9a342f4bab9fdd71f5944afabe",jline,jline,0,0,0,0,0,0,0,0,0,0,0,0,0,0,0,0,0,0,0,0,0,0,0,0,0,0,0,0,0,0,0,0,0,,,,,0,0,0,0,0,0,0,0,0,2,0,0,0,0,0,0,"315fe946595344768fee16809a819b4e",Autoapps,2022-02-01,0,0,0,0,0,0,0,0,0,0,0,0,0,0,0,0
"8adf8df8573842a2a9645a5edd4e7e4d",conanapp5,conanapp5,0,0,0,0,0,0,0,0,0,0,0,0,5,0,3,9,1,0,0,0,0,0,0,0,0,0,0,0,0,0,0,0,0,,,,,0,0,0,0,0,0,0,0,0,0,0,0,5,0,3,9,"315fe946595344768fee16809a819b4e",Autoapps,2021-09-01,0,0,0,0,0,0,0,0,0,0,0,0,0,0,0,0
"8adf8df8573842a2a9645a5edd4e7e4d",conanapp5,conanapp5,0,0,0,0,0,0,0,0,0,0,0,0,0,0,0,0,0,0,0,0,0,0,0,0,0,0,0,0,0,0,0,0,0,,,,,0,0,0,0,0,0,0,0,0,0,0,0,5,0,3,9,"315fe946595344768fee16809a819b4e",Autoapps,2021-10-01,0,0,0,0,0,0,0,0,0,0,0,0,0,0,0,0
"8adf8df8573842a2a9645a5edd4e7e4d",conanapp5,conanapp5,0,0,0,0,0,0,0,0,0,0,0,0,0,0,0,0,0,0,0,0,0,0,0,0,0,0,0,0,0,0,0,0,0,,,,,0,0,0,0,0,0,0,0,0,0,0,0,5,0,3,9,"315fe946595344768fee16809a819b4e",Autoapps,2021-11-01,0,0,0,0,0,0,0,0,0,0,0,0,0,0,0,0
"8adf8df8573842a2a9645a5edd4e7e4d",conanapp5,conanapp5,0,0,0,0,0,0,0,0,0,0,0,0,0,0,0,0,0,0,0,0,0,0,0,0,0,0,0,0,0,0,0,0,0,,,,,0,0,0,0,0,0,0,0,0,0,0,0,5,0,3,9,"315fe946595344768fee16809a819b4e",Autoapps,2021-12-01,0,0,0,0,0,0,0,0,0,0,0,0,0,0,0,0
"8adf8df8573842a2a9645a5edd4e7e4d",conanapp5,conanapp5,0,0,0,0,0,0,0,0,0,0,0,0,6,0,4,6,1,0,0,0,0,0,0,0,0,0,0,0,0,5,0,3,9,10543250731,,10543250731,10543250731,0,0,0,0,0,0,0,0,0,0,0,0,6,0,4,6,"315fe946595344768fee16809a819b4e",Autoapps,2022-01-01,0,0,0,0,0,0,0,0,0,0,0,0,0,0,0,0
"8adf8df8573842a2a9645a5edd4e7e4d",conanapp5,conanapp5,0,0,0,0,0,0,0,0,0,0,0,0,0,0,0,0,0,0,0,0,0,0,0,0,0,0,0,0,0,0,0,0,0,,,,,0,0,0,0,0,0,0,0,0,0,0,0,6,0,4,6,"315fe946595344768fee16809a819b4e",Autoapps,2022-02-01,0,0,0,0,0,0,0,0,0,0,0,0,0,0,0,0
"7f734525776046da9bc4d235c5b5d52b",core,core,0,0,0,0,0,0,8,0,0,0,0,0,0,0,0,0,9,0,0,0,0,0,0,5,0,0,0,0,0,0,0,0,0,,,334122,,0,0,0,0,0,0,3,0,0,0,0,0,0,0,0,0,"315fe946595344768fee16809a819b4e",Autoapps,2022-02-01,0,0,0,0,0,0,0,0,0,0,0,0,0,0,0,0
"165d81dc828f4e568cab8496e496af72",gcalendarapp,gcalendarapp,29,0,0,0,0,0,1,1,0,8,0,0,2,0,0,5,4,29,0,0,0,0,0,0,0,0,0,0,0,0,0,0,0,933292,,,,0,0,0,0,0,0,1,1,0,8,0,0,2,0,0,5,"315fe946595344768fee16809a819b4e",Autoapps,2022-02-01,0,0,0,0,0,0,0,0,0,0,0,0,0,0,0,0
"24e522a4206d467b84fa25a62ffa8c9a",velo2,velo2,0,0,0,0,0,0,1,0,0,9,0,0,0,0,0,1,1,0,0,0,0,0,0,0,0,0,0,0,0,0,0,0,0,,,,,0,0,0,0,0,0,1,0,0,9,0,0,0,0,0,1,"315fe946595344768fee16809a819b4e",Autoapps,2021-10-01,0,0,0,0,0,0,0,0,0,0,0,0,0,0,0,0
"24e522a4206d467b84fa25a62ffa8c9a",velo2,velo2,0,0,0,0,0,0,0,0,0,0,0,0,0,0,0,0,0,0,0,0,0,0,0,0,0,0,0,0,0,0,0,0,0,,,,,0,0,0,0,0,0,1,0,0,9,0,0,0,0,0,1,"315fe946595344768fee16809a819b4e",Autoapps,2021-11-01,0,0,0,0,0,0,0,0,0,0,0,0,0,0,0,0
"24e522a4206d467b84fa25a62ffa8c9a",velo2,velo2,0,0,0,0,0,0,0,0,0,0,0,0,0,0,0,0,0,0,0,0,0,0,0,0,0,0,0,0,0,0,0,0,0,,,,,0,0,0,0,0,0,1,0,0,9,0,0,0,0,0,1,"315fe946595344768fee16809a819b4e",Autoapps,2021-12-01,0,0,0,0,0,0,0,0,0,0,0,0,0,0,0,0
"24e522a4206d467b84fa25a62ffa8c9a",velo2,velo2,0,0,0,0,0,0,1,0,0,9,0,0,3,0,0,2,1,0,0,0,0,0,0,1,0,0,9,0,0,0,0,0,1,,8750944097,8750944097,8750944097,0,0,0,0,0,0,1,0,0,9,0,0,3,0,0,2,"315fe946595344768fee16809a819b4e",Autoapps,2022-01-01,0,0,0,0,0,0,0,0,0,0,0,0,0,0,0,0
"24e522a4206d467b84fa25a62ffa8c9a",velo2,velo2,0,0,0,0,0,0,0,0,0,0,0,0,0,0,0,0,0,0,0,0,0,0,0,0,0,0,0,0,0,0,0,0,0,,,,,0,0,0,0,0,0,1,0,0,9,0,0,3,0,0,2,"315fe946595344768fee16809a819b4e",Autoapps,2022-02-01,0,0,0,0,0,0,0,0,0,0,0,0,0,0,0,0
"87d9940c4f134b85ad5c4e6e73bdf959",openssl111k-2,openssl111k-2,3,0,0,0,0,0,0,0,0,0,0,0,5,0,0,8,1,0,0,0,0,0,0,0,0,0,0,0,0,0,0,0,0,,,,,3,0,0,0,0,0,0,0,0,0,0,0,5,0,0,8,"315fe946595344768fee16809a819b4e",Autoapps,2021-10-01,0,0,0,0,0,0,0,0,0,0,0,0,0,0,0,0
"87d9940c4f134b85ad5c4e6e73bdf959",openssl111k-2,openssl111k-2,0,0,0,0,0,0,0,0,0,0,0,0,0,0,0,0,0,0,0,0,0,0,0,0,0,0,0,0,0,0,0,0,0,,,,,3,0,0,0,0,0,0,0,0,0,0,0,5,0,0,8,"315fe946595344768fee16809a819b4e",Autoapps,2021-11-01,0,0,0,0,0,0,0,0,0,0,0,0,0,0,0,0
"87d9940c4f134b85ad5c4e6e73bdf959",openssl111k-2,openssl111k-2,0,0,0,0,0,0,0,0,0,0,0,0,0,0,0,0,0,0,0,0,0,0,0,0,0,0,0,0,0,0,0,0,0,,,,,3,0,0,0,0,0,0,0,0,0,0,0,5,0,0,8,"315fe946595344768fee16809a819b4e",Autoapps,2021-12-01,0,0,0,0,0,0,0,0,0,0,0,0,0,0,0,0
"87d9940c4f134b85ad5c4e6e73bdf959",openssl111k-2,openssl111k-2,0,0,0,0,0,0,0,0,0,0,0,0,5,0,0,4,1,3,0,0,0,0,0,0,0,0,0,0,0,5,0,0,8,8679111708,,,8679111708,0,0,0,0,0,0,0,0,0,0,0,0,5,0,0,4,"315fe946595344768fee16809a819b4e",Autoapps,2022-01-01,0,0,0,0,0,0,0,0,0,0,0,0,0,0,0,0
"87d9940c4f134b85ad5c4e6e73bdf959",openssl111k-2,openssl111k-2,0,0,0,0,0,0,0,0,0,0,0,0,0,0,0,0,0,0,0,0,0,0,0,0,0,0,0,0,0,0,0,0,0,,,,,0,0,0,0,0,0,0,0,0,0,0,0,5,0,0,4,"315fe946595344768fee16809a819b4e",Autoapps,2022-02-01,0,0,0,0,0,0,0,0,0,0,0,0,0,0,0,0
"736a6f440c5149848b274996651e816e",velocity,velocity,0,0,0,0,0,0,1,0,0,7,0,0,4,0,0,2,1,0,0,0,0,0,0,0,0,0,0,0,0,0,0,0,0,,,,,0,0,0,0,0,0,1,0,0,7,0,0,4,0,0,2,"315fe946595344768fee16809a819b4e",Autoapps,2021-09-01,0,0,0,0,0,0,0,0,0,0,0,0,0,0,0,0
"736a6f440c5149848b274996651e816e",velocity,velocity,0,0,0,0,0,0,0,0,0,0,0,0,0,0,0,0,0,0,0,0,0,0,0,0,0,0,0,0,0,0,0,0,0,,,,,0,0,0,0,0,0,1,0,0,7,0,0,4,0,0,2,"315fe946595344768fee16809a819b4e",Autoapps,2021-10-01,0,0,0,0,0,0,0,0,0,0,0,0,0,0,0,0
"736a6f440c5149848b274996651e816e",velocity,velocity,0,0,0,0,0,0,0,0,0,0,0,0,0,0,0,0,0,0,0,0,0,0,0,0,0,0,0,0,0,0,0,0,0,,,,,0,0,0,0,0,0,1,0,0,7,0,0,4,0,0,2,"315fe946595344768fee16809a819b4e",Autoapps,2021-11-01,0,0,0,0,0,0,0,0,0,0,0,0,0,0,0,0
"736a6f440c5149848b274996651e816e",velocity,velocity,0,0,0,0,0,0,0,0,0,0,0,0,0,0,0,0,0,0,0,0,0,0,0,0,0,0,0,0,0,0,0,0,0,,,,,0,0,0,0,0,0,1,0,0,7,0,0,4,0,0,2,"315fe946595344768fee16809a819b4e",Autoapps,2021-12-01,0,0,0,0,0,0,0,0,0,0,0,0,0,0,0,0
"736a6f440c5149848b274996651e816e",velocity,velocity,0,0,0,0,0,0,1,0,0,7,0,0,3,0,0,2,1,0,0,0,0,0,0,1,0,0,7,0,0,4,0,0,2,10118943391,10118943391,10118943391,10118943391,0,0,0,0,0,0,1,0,0,7,0,0,3,0,0,2,"315fe946595344768fee16809a819b4e",Autoapps,2022-01-01,0,0,0,0,0,0,0,0,0,0,0,0,0,0,0,0
"736a6f440c5149848b274996651e816e",velocity,velocity,0,0,0,0,0,0,0,0,0,0,0,0,0,0,0,0,0,0,0,0,0,0,0,0,0,0,0,0,0,0,0,0,0,,,,,0,0,0,0,0,0,1,0,0,7,0,0,3,0,0,2,"315fe946595344768fee16809a819b4e",Autoapps,2022-02-01,0,0,0,0,0,0,0,0,0,0,0,0,0,0,0,0
"322cdacac41643a2bca65db2f172bd4f",wbg11,wbg11,0,0,0,0,0,1,1,0,0,80,0,0,26,0,4,47,12,0,0,0,0,0,0,0,0,0,0,0,0,0,0,0,3,,,,1555196732,0,0,0,0,0,1,1,0,0,80,0,0,26,0,4,44,"315fe946595344768fee16809a819b4e",Autoapps,2021-09-01,0,0,0,0,0,0,0,0,0,0,0,0,0,0,0,0
"322cdacac41643a2bca65db2f172bd4f",wbg11,wbg11,0,0,0,0,0,0,0,0,0,0,0,0,3,0,0,1,18,0,0,0,0,0,0,0,0,0,0,0,0,0,0,0,0,2020558395,2074288828,,,0,0,0,0,0,1,1,0,0,77,0,0,25,0,4,45,"315fe946595344768fee16809a819b4e",Autoapps,2021-10-01,0,0,0,0,0,0,0,0,0,3,0,0,4,0,0,0
"322cdacac41643a2bca65db2f172bd4f",wbg11,wbg11,21,0,0,0,0,0,0,0,0,0,0,0,1,0,0,1,15,0,0,0,0,0,0,0,0,0,1,0,0,2,0,0,1,3414602563,6656401648,,431997168,21,0,0,0,0,1,1,0,0,76,0,0,24,0,4,45,"315fe946595344768fee16809a819b4e",Autoapps,2021-11-01,0,0,0,0,0,0,0,0,0,0,0,0,0,0,0,0
"322cdacac41643a2bca65db2f172bd4f",wbg11,wbg11,0,0,0,0,0,1,0,0,0,65,0,0,22,0,4,45,10,21,0,0,0,0,0,0,0,0,14,0,0,3,0,2,27,3422710166,8211603003,8211603003,7184002934,0,0,0,0,0,2,1,0,0,127,0,0,43,0,6,63,"315fe946595344768fee16809a819b4e",Autoapps,2021-12-01,0,0,0,0,0,0,0,0,0,0,0,0,0,0,0,0
"322cdacac41643a2bca65db2f172bd4f",wbg11,wbg11,0,0,0,0,0,0,1,0,0,16,0,0,13,0,0,4,5,0,0,0,0,0,1,1,0,0,62,0,0,24,0,2,21,10333976724,11700973726,11700973726,11208728921,0,0,0,0,0,1,1,0,0,81,0,0,32,0,4,46,"315fe946595344768fee16809a819b4e",Autoapps,2022-01-01,0,0,0,0,0,0,0,0,0,0,0,0,0,0,0,0
"322cdacac41643a2bca65db2f172bd4f",wbg11,wbg11,0,0,0,0,0,0,0,0,0,0,0,0,3,0,0,1,14,0,0,0,0,0,0,0,0,0,0,0,0,0,0,0,1,,,,4924795956,0,0,0,0,0,1,1,0,0,81,0,0,35,0,4,46,"315fe946595344768fee16809a819b4e",Autoapps,2022-02-01,0,0,0,0,0,0,0,0,0,0,0,0,0,0,0,0
"a4a428371d614ae09da2182b9004c237",prod3,prod3,0,0,0,0,0,0,1,0,0,6,0,0,29,0,1,21,1,0,0,0,0,0,0,0,0,0,0,0,0,0,0,0,0,,,,,0,0,0,0,0,0,1,0,0,6,0,0,29,0,1,21,"315fe946595344768fee16809a819b4e",Autoapps,2022-02-01,0,0,0,0,0,0,0,0,0,0,0,0,0,0,0,0
"4b07c29fc0484d47b95959e278668002",maven-simple,maven-simple,0,0,0,0,0,0,7,0,0,10,0,0,4,0,0,2,7,0,0,0,0,0,0,6,0,0,1,0,0,0,0,0,0,,77216938,59004852,,0,0,0,0,0,0,1,0,0,9,0,0,4,0,0,2,"315fe946595344768fee16809a819b4e",Autoapps,2021-09-01,0,0,0,0,0,0,0,0,0,0,0,0,0,0,0,0
"4b07c29fc0484d47b95959e278668002",maven-simple,maven-simple,0,0,0,0,0,0,1,0,0,0,0,0,0,0,0,0,2,0,0,0,0,0,0,1,0,0,0,0,0,0,0,0,0,640467877,,601878306,798178201,0,0,0,0,0,0,1,0,0,9,0,0,0,0,0,1,"315fe946595344768fee16809a819b4e",Autoapps,2021-10-01,0,0,0,0,0,0,0,0,0,0,0,0,4,0,0,1
"4b07c29fc0484d47b95959e278668002",maven-simple,maven-simple,0,0,0,0,0,0,0,0,0,0,0,0,0,0,0,0,0,0,0,0,0,0,0,0,0,0,0,0,0,0,0,0,0,,,,,0,0,0,0,0,0,1,0,0,9,0,0,0,0,0,1,"315fe946595344768fee16809a819b4e",Autoapps,2021-11-01,0,0,0,0,0,0,0,0,0,0,0,0,0,0,0,0
"4b07c29fc0484d47b95959e278668002",maven-simple,maven-simple,0,0,0,0,0,0,1,0,0,9,0,0,3,0,0,2,1,0,0,0,0,0,0,1,0,0,9,0,0,0,0,0,1,,7289489087,6644712483,7600619905,0,0,0,0,0,0,1,0,0,9,0,0,3,0,0,2,"315fe946595344768fee16809a819b4e",Autoapps,2021-12-01,0,0,0,0,0,0,0,0,0,0,0,0,0,0,0,0
"4b07c29fc0484d47b95959e278668002",maven-simple,maven-simple,0,0,0,0,0,0,0,0,0,0,0,0,0,0,0,0,1,0,0,0,0,0,0,0,0,0,0,0,0,0,0,0,0,,,,,0,0,0,0,0,0,1,0,0,9,0,0,3,0,0,2,"315fe946595344768fee16809a819b4e",Autoapps,2022-01-01,0,0,0,0,0,0,0,0,0,0,0,0,0,0,0,0
"4b07c29fc0484d47b95959e278668002",maven-simple,maven-simple,0,0,0,0,0,0,0,0,0,0,0,0,0,0,0,0,0,0,0,0,0,0,0,0,0,0,0,0,0,0,0,0,0,,,,,0,0,0,0,0,0,1,0,0,9,0,0,3,0,0,2,"315fe946595344768fee16809a819b4e",Autoapps,2022-02-01,0,0,0,0,0,0,0,0,0,0,0,0,0,0,0,0
"e445ef150fe84a73b850043a0aa195f8",cons2,cons2,1,0,0,0,0,0,1,0,0,3,0,0,3,0,0,3,1,0,0,0,0,0,0,0,0,0,0,0,0,0,0,0,0,,,,,1,0,0,0,0,0,1,0,0,3,0,0,3,0,0,3,"315fe946595344768fee16809a819b4e",Autoapps,2022-02-01,0,0,0,0,0,0,0,0,0,0,0,0,0,0,0,0
"520b526e670e43e08857b68148dc55d4",producer2,producer2,0,0,0,0,0,0,1,0,0,5,0,0,28,0,1,21,2,0,0,0,0,0,0,0,0,0,0,0,0,0,0,0,0,,,,,0,0,0,0,0,0,1,0,0,5,0,0,28,0,1,21,"315fe946595344768fee16809a819b4e",Autoapps,2022-01-01,0,0,0,0,0,0,0,0,0,0,0,0,0,0,0,0
"520b526e670e43e08857b68148dc55d4",producer2,producer2,0,0,0,0,0,0,0,0,0,0,0,0,0,0,0,0,0,0,0,0,0,0,0,0,0,0,0,0,0,0,0,0,0,,,,,0,0,0,0,0,0,1,0,0,5,0,0,28,0,1,21,"315fe946595344768fee16809a819b4e",Autoapps,2022-02-01,0,0,0,0,0,0,0,0,0,0,0,0,0,0,0,0
"618b37951b7046aa8b60ff9d6dcf8cf5",wg2,wg2,0,0,0,0,0,1,1,0,0,65,0,0,22,0,2,20,1,0,0,0,0,0,0,0,0,0,0,0,0,0,0,0,0,,,,,0,0,0,0,0,1,1,0,0,65,0,0,22,0,2,20,"81d158d31ed84e44bc1acf1c8f198c2f",SCM-Bitbucket,2021-09-01,0,0,0,0,0,0,0,0,0,0,0,0,0,0,0,0
"618b37951b7046aa8b60ff9d6dcf8cf5",wg2,wg2,0,0,0,0,0,0,0,0,0,0,0,0,0,0,0,0,0,0,0,0,0,0,0,0,0,0,0,0,0,0,0,0,0,,,,,0,0,0,0,0,1,1,0,0,65,0,0,22,0,2,20,"81d158d31ed84e44bc1acf1c8f198c2f",SCM-Bitbucket,2021-10-01,0,0,0,0,0,0,0,0,0,0,0,0,0,0,0,0
"618b37951b7046aa8b60ff9d6dcf8cf5",wg2,wg2,0,0,0,0,0,0,0,0,0,0,0,0,0,0,0,0,0,0,0,0,0,0,0,0,0,0,0,0,0,0,0,0,0,,,,,0,0,0,0,0,1,1,0,0,65,0,0,22,0,2,20,"81d158d31ed84e44bc1acf1c8f198c2f",SCM-Bitbucket,2021-11-01,0,0,0,0,0,0,0,0,0,0,0,0,0,0,0,0
"618b37951b7046aa8b60ff9d6dcf8cf5",wg2,wg2,0,0,0,0,0,0,0,0,0,0,0,0,0,0,0,0,0,0,0,0,0,0,0,0,0,0,0,0,0,0,0,0,0,,,,,0,0,0,0,0,1,1,0,0,65,0,0,22,0,2,20,"81d158d31ed84e44bc1acf1c8f198c2f",SCM-Bitbucket,2021-12-01,0,0,0,0,0,0,0,0,0,0,0,0,0,0,0,0
"618b37951b7046aa8b60ff9d6dcf8cf5",wg2,wg2,0,0,0,0,0,1,1,0,0,67,0,0,29,0,2,21,1,0,0,0,0,0,1,1,0,0,65,0,0,22,0,2,20,11846696015,11846696015,11846696015,11846696015,0,0,0,0,0,1,1,0,0,67,0,0,29,0,2,21,"81d158d31ed84e44bc1acf1c8f198c2f",SCM-Bitbucket,2022-01-01,0,0,0,0,0,0,0,0,0,0,0,0,0,0,0,0
"618b37951b7046aa8b60ff9d6dcf8cf5",wg2,wg2,0,0,0,0,0,0,0,0,0,0,0,0,0,0,0,0,0,0,0,0,0,0,0,0,0,0,0,0,0,0,0,0,0,,,,,0,0,0,0,0,1,1,0,0,67,0,0,29,0,2,21,"81d158d31ed84e44bc1acf1c8f198c2f",SCM-Bitbucket,2022-02-01,0,0,0,0,0,0,0,0,0,0,0,0,0,0,0,0
"3fba3ca60b7442bba89805bb8e4af2c0",jsapp,jsapp,0,0,0,0,0,0,0,0,0,18,0,0,11,0,0,2,2,0,0,0,0,0,0,0,0,0,0,0,0,0,0,0,0,,,,,0,0,0,0,0,0,0,0,0,18,0,0,11,0,0,2,"7cb7f2c605e04ead94dae83f9fb481d3",Apps,2022-02-01,0,0,0,0,0,0,0,0,0,0,0,0,0,0,0,0
"00b5dcf495d34c54ba7e953b5dcd16cb",laravel,laravel,0,0,0,0,0,0,0,0,0,0,0,0,3,0,0,1,3,0,0,0,0,0,0,0,0,0,0,0,0,0,0,0,0,,,,,0,0,0,0,0,0,0,0,0,0,0,0,3,0,0,1,"315fe946595344768fee16809a819b4e",Autoapps,2021-09-01,0,0,0,0,0,0,0,0,0,0,0,0,0,0,0,0
"00b5dcf495d34c54ba7e953b5dcd16cb",laravel,laravel,0,0,0,0,0,0,0,0,0,0,0,0,0,0,0,0,2,0,0,0,0,0,0,0,0,0,0,0,0,0,0,0,0,530256631,,,,0,0,0,0,0,0,0,0,0,0,0,0,2,0,0,1,"315fe946595344768fee16809a819b4e",Autoapps,2021-10-01,0,0,0,0,0,0,0,0,0,0,0,0,1,0,0,0
"00b5dcf495d34c54ba7e953b5dcd16cb",laravel,laravel,0,0,0,0,0,0,0,0,0,0,0,0,0,0,0,0,0,0,0,0,0,0,0,0,0,0,0,0,0,0,0,0,0,,,,,0,0,0,0,0,0,0,0,0,0,0,0,2,0,0,1,"315fe946595344768fee16809a819b4e",Autoapps,2021-11-01,0,0,0,0,0,0,0,0,0,0,0,0,0,0,0,0
"00b5dcf495d34c54ba7e953b5dcd16cb",laravel,laravel,0,0,0,0,0,0,0,0,0,0,0,0,0,0,0,0,0,0,0,0,0,0,0,0,0,0,0,0,0,0,0,0,0,,,,,0,0,0,0,0,0,0,0,0,0,0,0,2,0,0,1,"315fe946595344768fee16809a819b4e",Autoapps,2021-12-01,0,0,0,0,0,0,0,0,0,0,0,0,0,0,0,0
"00b5dcf495d34c54ba7e953b5dcd16cb",laravel,laravel,0,0,0,0,0,0,0,0,0,0,0,0,4,0,0,5,1,0,0,0,0,0,0,0,0,0,0,0,0,2,0,0,1,10127958264,,,10128067397,0,0,0,0,0,0,0,0,0,0,0,0,4,0,0,5,"315fe946595344768fee16809a819b4e",Autoapps,2022-01-01,0,0,0,0,0,0,0,0,0,0,0,0,0,0,0,0
"00b5dcf495d34c54ba7e953b5dcd16cb",laravel,laravel,0,0,0,0,0,0,0,0,0,0,0,0,0,0,0,0,0,0,0,0,0,0,0,0,0,0,0,0,0,0,0,0,0,,,,,0,0,0,0,0,0,0,0,0,0,0,0,4,0,0,5,"315fe946595344768fee16809a819b4e",Autoapps,2022-02-01,0,0,0,0,0,0,0,0,0,0,0,0,0,0,0,0
"fd69bc9fe823425ca188d819807b2daf",mm-core,mm-core,0,0,0,0,0,0,3,0,0,6,0,0,7,0,0,0,3,0,0,0,0,0,0,2,0,0,0,0,0,0,0,0,0,,,394335,,0,0,0,0,0,0,1,0,0,6,0,0,7,0,0,0,"315fe946595344768fee16809a819b4e",Autoapps,2022-02-01,0,0,0,0,0,0,0,0,0,0,0,0,0,0,0,0
"d525a2cfd1e34c9bbc9ae59623bd086c",webgoat-legacy-ci-2,webgoat-legacy-ci-2,0,0,0,1,0,1,8,0,0,69,0,0,20,0,4,48,8,0,0,0,0,0,0,7,0,0,0,0,0,0,0,0,0,,,8709155,,0,0,0,1,0,1,1,0,0,69,0,0,20,0,4,48,"315fe946595344768fee16809a819b4e",Autoapps,2021-09-01,0,0,0,0,0,0,0,0,0,0,0,0,0,0,0,0
"d525a2cfd1e34c9bbc9ae59623bd086c",webgoat-legacy-ci-2,webgoat-legacy-ci-2,1,0,0,0,0,0,1,0,0,0,0,0,0,0,0,1,1,0,0,0,0,0,0,1,0,0,0,0,0,0,0,0,0,997570613,997570613,936606526,,1,0,0,1,0,1,1,0,0,68,0,0,18,0,4,49,"315fe946595344768fee16809a819b4e",Autoapps,2021-10-01,0,0,0,0,0,0,0,0,0,1,0,0,2,0,0,0
"d525a2cfd1e34c9bbc9ae59623bd086c",webgoat-legacy-ci-2,webgoat-legacy-ci-2,0,0,0,0,0,0,0,0,0,0,0,0,0,0,0,0,0,0,0,0,0,0,0,0,0,0,0,0,0,0,0,0,0,,,,,1,0,0,1,0,1,1,0,0,68,0,0,18,0,4,49,"315fe946595344768fee16809a819b4e",Autoapps,2021-11-01,0,0,0,0,0,0,0,0,0,0,0,0,0,0,0,0
"d525a2cfd1e34c9bbc9ae59623bd086c",webgoat-legacy-ci-2,webgoat-legacy-ci-2,0,0,0,0,0,0,0,0,0,0,0,0,0,0,0,0,0,0,0,0,0,0,0,0,0,0,0,0,0,0,0,0,0,,,,,1,0,0,1,0,1,1,0,0,68,0,0,18,0,4,49,"315fe946595344768fee16809a819b4e",Autoapps,2021-12-01,0,0,0,0,0,0,0,0,0,0,0,0,0,0,0,0
"d525a2cfd1e34c9bbc9ae59623bd086c",webgoat-legacy-ci-2,webgoat-legacy-ci-2,39,0,0,1,0,1,1,0,0,71,0,0,27,0,4,53,2,1,0,0,1,0,1,1,0,0,68,0,0,18,0,4,49,9877833001,9930336718,9730822595,9910385305,39,0,0,1,0,1,1,0,0,71,0,0,27,0,4,53,"315fe946595344768fee16809a819b4e",Autoapps,2022-01-01,0,0,0,0,0,0,0,0,0,0,0,0,0,0,0,0
"d525a2cfd1e34c9bbc9ae59623bd086c",webgoat-legacy-ci-2,webgoat-legacy-ci-2,0,0,0,0,0,0,0,0,0,0,0,0,0,0,0,0,0,0,0,0,0,0,0,0,0,0,0,0,0,0,0,0,0,,,,,39,0,0,1,0,1,1,0,0,71,0,0,27,0,4,53,"315fe946595344768fee16809a819b4e",Autoapps,2022-02-01,0,0,0,0,0,0,0,0,0,0,0,0,0,0,0,0
"73a2f04d881f42f49a5b019ebf8356b5",jline2,jline2,5,0,0,0,0,0,0,0,0,2,0,0,0,0,0,0,8,5,0,0,0,0,0,0,0,0,0,0,0,0,0,0,0,604335,,,,0,0,0,0,0,0,0,0,0,2,0,0,0,0,0,0,"315fe946595344768fee16809a819b4e",Autoapps,2021-10-01,0,0,0,0,0,0,0,0,0,0,0,0,0,0,0,0
"73a2f04d881f42f49a5b019ebf8356b5",jline2,jline2,0,0,0,0,0,0,0,0,0,0,0,0,0,0,0,0,0,0,0,0,0,0,0,0,0,0,0,0,0,0,0,0,0,,,,,0,0,0,0,0,0,0,0,0,2,0,0,0,0,0,0,"315fe946595344768fee16809a819b4e",Autoapps,2021-11-01,0,0,0,0,0,0,0,0,0,0,0,0,0,0,0,0
"73a2f04d881f42f49a5b019ebf8356b5",jline2,jline2,0,0,0,0,0,0,0,0,0,0,0,0,0,0,0,0,0,0,0,0,0,0,0,0,0,0,0,0,0,0,0,0,0,,,,,0,0,0,0,0,0,0,0,0,2,0,0,0,0,0,0,"315fe946595344768fee16809a819b4e",Autoapps,2021-12-01,0,0,0,0,0,0,0,0,0,0,0,0,0,0,0,0
"73a2f04d881f42f49a5b019ebf8356b5",jline2,jline2,0,0,0,0,0,0,0,0,0,2,0,0,0,0,0,0,1,0,0,0,0,0,0,0,0,0,2,0,0,0,0,0,0,,9438424466,,,0,0,0,0,0,0,0,0,0,2,0,0,0,0,0,0,"315fe946595344768fee16809a819b4e",Autoapps,2022-01-01,0,0,0,0,0,0,0,0,0,0,0,0,0,0,0,0
"73a2f04d881f42f49a5b019ebf8356b5",jline2,jline2,0,0,0,0,0,0,0,0,0,0,0,0,0,0,0,0,0,0,0,0,0,0,0,0,0,0,0,0,0,0,0,0,0,,,,,0,0,0,0,0,0,0,0,0,2,0,0,0,0,0,0,"315fe946595344768fee16809a819b4e",Autoapps,2022-02-01,0,0,0,0,0,0,0,0,0,0,0,0,0,0,0,0
"5bfa7ae1ad644b58b962a483e1384f30",sm-v1,sm-v1,0,0,0,0,0,0,0,0,0,0,0,0,0,0,0,0,0,0,0,0,0,0,0,0,0,0,0,0,0,0,0,0,0,,,,,0,0,0,0,0,0,0,0,0,0,0,0,0,0,0,0,"7cb7f2c605e04ead94dae83f9fb481d3",Apps,2021-09-01,0,0,0,0,0,0,0,0,0,0,0,0,0,0,0,0
"5bfa7ae1ad644b58b962a483e1384f30",sm-v1,sm-v1,0,0,0,0,0,0,0,0,0,0,0,0,0,0,0,0,0,0,0,0,0,0,0,0,0,0,0,0,0,0,0,0,0,,,,,0,0,0,0,0,0,0,0,0,0,0,0,0,0,0,0,"7cb7f2c605e04ead94dae83f9fb481d3",Apps,2021-10-01,0,0,0,0,0,0,0,0,0,0,0,0,0,0,0,0
"5bfa7ae1ad644b58b962a483e1384f30",sm-v1,sm-v1,0,0,0,0,0,0,0,0,0,0,0,0,0,0,0,0,0,0,0,0,0,0,0,0,0,0,0,0,0,0,0,0,0,,,,,0,0,0,0,0,0,0,0,0,0,0,0,0,0,0,0,"7cb7f2c605e04ead94dae83f9fb481d3",Apps,2021-11-01,0,0,0,0,0,0,0,0,0,0,0,0,0,0,0,0
"5bfa7ae1ad644b58b962a483e1384f30",sm-v1,sm-v1,0,0,0,0,0,0,0,0,0,0,0,0,0,0,0,0,0,0,0,0,0,0,0,0,0,0,0,0,0,0,0,0,0,,,,,0,0,0,0,0,0,0,0,0,0,0,0,0,0,0,0,"7cb7f2c605e04ead94dae83f9fb481d3",Apps,2021-12-01,0,0,0,0,0,0,0,0,0,0,0,0,0,0,0,0
"5bfa7ae1ad644b58b962a483e1384f30",sm-v1,sm-v1,0,0,0,0,0,0,0,0,0,0,0,0,0,0,0,0,0,0,0,0,0,0,0,0,0,0,0,0,0,0,0,0,0,,,,,0,0,0,0,0,0,0,0,0,0,0,0,0,0,0,0,"7cb7f2c605e04ead94dae83f9fb481d3",Apps,2022-01-01,0,0,0,0,0,0,0,0,0,0,0,0,0,0,0,0
"5bfa7ae1ad644b58b962a483e1384f30",sm-v1,sm-v1,0,0,0,0,0,0,0,0,0,0,0,0,0,0,0,0,0,0,0,0,0,0,0,0,0,0,0,0,0,0,0,0,0,,,,,0,0,0,0,0,0,0,0,0,0,0,0,0,0,0,0,"7cb7f2c605e04ead94dae83f9fb481d3",Apps,2022-02-01,0,0,0,0,0,0,0,0,0,0,0,0,0,0,0,0
"23ea1a3235354614a3faa53030a4bd7a",consumerapp2,consumerapp2,1,0,0,0,0,0,683,147,0,264,0,0,45,0,5,57,5,0,0,0,0,0,0,4,0,0,0,0,0,0,0,0,0,,,85396272,,1,0,0,0,0,0,679,147,0,264,0,0,45,0,5,57,"315fe946595344768fee16809a819b4e",Autoapps,2022-02-01,0,0,0,0,0,0,0,0,0,0,0,0,0,0,0,0
"79bc2d537a974b4b9561ee6a4dc0b6c0",webgoat1,webgoat1,0,0,0,1,0,1,1,0,0,68,0,0,20,0,4,48,2,0,0,0,0,0,0,0,0,0,0,0,0,0,0,0,0,1361463,,,,0,0,0,1,0,1,1,0,0,68,0,0,18,0,4,48,"315fe946595344768fee16809a819b4e",Autoapps,2021-10-01,0,0,0,0,0,0,0,0,0,0,0,0,2,0,0,0
"79bc2d537a974b4b9561ee6a4dc0b6c0",webgoat1,webgoat1,40,0,0,0,0,0,0,0,0,0,0,0,0,0,0,0,1,0,0,0,0,0,0,0,0,0,0,0,0,0,0,0,0,3202430932,,,,40,0,0,1,0,1,1,0,0,68,0,0,16,0,4,48,"315fe946595344768fee16809a819b4e",Autoapps,2021-11-01,0,0,0,0,0,0,0,0,0,0,0,0,2,0,0,0
"79bc2d537a974b4b9561ee6a4dc0b6c0",webgoat1,webgoat1,0,0,0,1,0,1,1,0,0,69,0,0,20,0,4,48,1,40,0,0,1,0,1,1,0,0,68,0,0,16,0,4,48,4537839231,6825289897,6825289897,6825289897,0,0,0,1,0,1,1,0,0,69,0,0,20,0,4,48,"315fe946595344768fee16809a819b4e",Autoapps,2021-12-01,0,0,0,0,0,0,0,0,0,0,0,0,0,0,0,0
"79bc2d537a974b4b9561ee6a4dc0b6c0",webgoat1,webgoat1,0,0,0,0,0,0,0,0,0,6,0,0,8,0,0,6,1,0,0,0,0,0,0,0,0,0,4,0,0,1,0,0,1,2795961718,2795961718,,2795961718,0,0,0,1,0,1,1,0,0,71,0,0,27,0,4,53,"315fe946595344768fee16809a819b4e",Autoapps,2022-01-01,0,0,0,0,0,0,0,0,0,0,0,0,0,0,0,0
"79bc2d537a974b4b9561ee6a4dc0b6c0",webgoat1,webgoat1,0,0,0,0,0,0,0,0,0,0,0,0,0,0,0,0,0,0,0,0,0,0,0,0,0,0,0,0,0,0,0,0,0,,,,,0,0,0,1,0,1,1,0,0,71,0,0,27,0,4,53,"315fe946595344768fee16809a819b4e",Autoapps,2022-02-01,0,0,0,0,0,0,0,0,0,0,0,0,0,0,0,0
"1e9c07fd79304628b2c2cf8dbfb0f0ad",openssl300,openssl300,0,0,0,0,0,0,0,0,0,0,0,0,2,0,0,8,1,0,0,0,0,0,0,0,0,0,0,0,0,0,0,0,0,,,,,0,0,0,0,0,0,0,0,0,0,0,0,2,0,0,8,"315fe946595344768fee16809a819b4e",Autoapps,2021-09-01,0,0,0,0,0,0,0,0,0,0,0,0,0,0,0,0
"1e9c07fd79304628b2c2cf8dbfb0f0ad",openssl300,openssl300,0,0,0,0,0,0,0,0,0,0,0,0,0,0,0,0,0,0,0,0,0,0,0,0,0,0,0,0,0,0,0,0,0,,,,,0,0,0,0,0,0,0,0,0,0,0,0,2,0,0,8,"315fe946595344768fee16809a819b4e",Autoapps,2021-10-01,0,0,0,0,0,0,0,0,0,0,0,0,0,0,0,0
"1e9c07fd79304628b2c2cf8dbfb0f0ad",openssl300,openssl300,0,0,0,0,0,0,0,0,0,0,0,0,0,0,0,0,0,0,0,0,0,0,0,0,0,0,0,0,0,0,0,0,0,,,,,0,0,0,0,0,0,0,0,0,0,0,0,2,0,0,8,"315fe946595344768fee16809a819b4e",Autoapps,2021-11-01,0,0,0,0,0,0,0,0,0,0,0,0,0,0,0,0
"1e9c07fd79304628b2c2cf8dbfb0f0ad",openssl300,openssl300,0,0,0,0,0,0,0,0,0,0,0,0,0,0,0,0,0,0,0,0,0,0,0,0,0,0,0,0,0,0,0,0,0,,,,,0,0,0,0,0,0,0,0,0,0,0,0,2,0,0,8,"315fe946595344768fee16809a819b4e",Autoapps,2021-12-01,0,0,0,0,0,0,0,0,0,0,0,0,0,0,0,0
"1e9c07fd79304628b2c2cf8dbfb0f0ad",openssl300,openssl300,0,0,0,0,0,0,0,0,0,0,0,0,2,0,0,4,1,0,0,0,0,0,0,0,0,0,0,0,0,2,0,0,8,10132854006,,,10132854006,0,0,0,0,0,0,0,0,0,0,0,0,2,0,0,4,"315fe946595344768fee16809a819b4e",Autoapps,2022-01-01,0,0,0,0,0,0,0,0,0,0,0,0,0,0,0,0
"1e9c07fd79304628b2c2cf8dbfb0f0ad",openssl300,openssl300,0,0,0,0,0,0,0,0,0,0,0,0,0,0,0,0,0,0,0,0,0,0,0,0,0,0,0,0,0,0,0,0,0,,,,,0,0,0,0,0,0,0,0,0,0,0,0,2,0,0,4,"315fe946595344768fee16809a819b4e",Autoapps,2022-02-01,0,0,0,0,0,0,0,0,0,0,0,0,0,0,0,0
"8c9159968a434980b33fac021132e3aa","Webgoat2b - Solao",webgoat2b__solao,0,0,0,0,0,1,0,0,0,63,0,0,27,0,4,45,14,0,0,0,0,0,0,0,0,0,0,0,0,0,0,0,1,,,,86390678,0,0,0,0,0,1,0,0,0,63,0,0,27,0,4,44,"81d158d31ed84e44bc1acf1c8f198c2f",SCM-Bitbucket,2022-02-01,0,0,0,0,0,0,0,0,0,0,0,0,0,0,0,0
"a27d4805a0f044138ee28acb8aa9d42d",openssl102-2,openssl102-2,3,0,0,0,0,0,0,0,0,0,0,0,16,0,3,22,2,0,0,0,0,0,0,0,0,0,0,0,0,0,0,0,0,,,,,3,0,0,0,0,0,0,0,0,0,0,0,16,0,3,22,"315fe946595344768fee16809a819b4e",Autoapps,2021-10-01,0,0,0,0,0,0,0,0,0,0,0,0,0,0,0,0
"a27d4805a0f044138ee28acb8aa9d42d",openssl102-2,openssl102-2,0,0,0,0,0,0,0,0,0,0,0,0,0,0,0,0,0,0,0,0,0,0,0,0,0,0,0,0,0,0,0,0,0,,,,,3,0,0,0,0,0,0,0,0,0,0,0,16,0,3,22,"315fe946595344768fee16809a819b4e",Autoapps,2021-11-01,0,0,0,0,0,0,0,0,0,0,0,0,0,0,0,0
"a27d4805a0f044138ee28acb8aa9d42d",openssl102-2,openssl102-2,0,0,0,0,0,0,0,0,0,0,0,0,0,0,0,0,0,0,0,0,0,0,0,0,0,0,0,0,0,0,0,0,0,,,,,3,0,0,0,0,0,0,0,0,0,0,0,16,0,3,22,"315fe946595344768fee16809a819b4e",Autoapps,2021-12-01,0,0,0,0,0,0,0,0,0,0,0,0,0,0,0,0
"a27d4805a0f044138ee28acb8aa9d42d",openssl102-2,openssl102-2,0,0,0,0,0,0,0,0,0,0,0,0,17,0,3,18,1,3,0,0,0,0,0,0,0,0,0,0,0,16,0,3,22,8679046104,,8679046104,8679046104,0,0,0,0,0,0,0,0,0,0,0,0,17,0,3,18,"315fe946595344768fee16809a819b4e",Autoapps,2022-01-01,0,0,0,0,0,0,0,0,0,0,0,0,0,0,0,0
"a27d4805a0f044138ee28acb8aa9d42d",openssl102-2,openssl102-2,0,0,0,0,0,0,0,0,0,0,0,0,0,0,0,0,0,0,0,0,0,0,0,0,0,0,0,0,0,0,0,0,0,,,,,0,0,0,0,0,0,0,0,0,0,0,0,17,0,3,18,"315fe946595344768fee16809a819b4e",Autoapps,2022-02-01,0,0,0,0,0,0,0,0,0,0,0,0,0,0,0,0
"08e82a2b1321417ba2a7e37a6a1fd7bd","Webgoat3 - Solao",webgoat3__solao,0,0,0,0,0,1,0,0,0,63,0,0,27,0,4,45,14,0,0,0,0,0,0,0,0,0,0,0,0,0,0,0,1,,,,86396392,0,0,0,0,0,1,0,0,0,63,0,0,27,0,4,44,"81d158d31ed84e44bc1acf1c8f198c2f",SCM-Bitbucket,2022-02-01,0,0,0,0,0,0,0,0,0,0,0,0,0,0,0,0
"99890d37b8a3464dba975d8767eea11d",con2,con2,1,0,0,0,0,0,1,0,0,3,0,0,3,0,0,3,1,0,0,0,0,0,0,0,0,0,0,0,0,0,0,0,0,,,,,1,0,0,0,0,0,1,0,0,3,0,0,3,0,0,3,"315fe946595344768fee16809a819b4e",Autoapps,2022-02-01,0,0,0,0,0,0,0,0,0,0,0,0,0,0,0,0
